Local_Body_Type,Local_Body_Name,District_Name,username,password,full_name,mobile
PANCHAYAT,Alappuzha,Alappuzha,health_user1,Health@1231,Health User 1,9295617186
PANCHAYAT,Ambalappuzha,Alappuzha,health_user2,Health@1232,Health User 2,9927674260
PANCHAYAT,Aryad,Alappuzha,health_user3,Health@1233,Health User 3,9319222876
PANCHAYAT,Bharanicavu,Alappuzha,health_user4,Health@1234,Health User 4,9695055959
PANCHAYAT,Champakulam,Alappuzha,health_user5,Health@1235,Health User 5,9250562688
PANCHAYAT,Chengannur,Alappuzha,health_user6,Health@1236,Health User 6,9411818025
PANCHAYAT,Harippad,Alappuzha,health_user7,Health@1237,Health User 7,9893660549
PANCHAYAT,Kanjikkuzhy,Alappuzha,health_user8,Health@1238,Health User 8,9328748327
PANCHAYAT,Mavelikkara,Alappuzha,health_user9,Health@1239,Health User 9,9565529461
PANCHAYAT,Muthukulam,Alappuzha,health_user10,Health@12310,Health User 10,9237697940
PANCHAYAT,Pattanakkad,Alappuzha,health_user11,Health@12311,Health User 11,9710530538
PANCHAYAT,Thycattussery,Alappuzha,health_user12,Health@12312,Health User 12,9754521643
PANCHAYAT,Veliyanad,Alappuzha,health_user13,Health@12313,Health User 13,9968929863
PANCHAYAT,Ala,Alappuzha,health_user14,Health@12314,Health User 14,9274786953
PANCHAYAT,Ambalappuzha ( North ),Alappuzha,health_user15,Health@12315,Health User 15,9110831778
PANCHAYAT,Ambalappuzha(South),Alappuzha,health_user16,Health@12316,Health User 16,9893150492
PANCHAYAT,Arattupuzha,Alappuzha,health_user17,Health@12317,Health User 17,9166906895
PANCHAYAT,Arookutty,Alappuzha,health_user18,Health@12318,Health User 18,9188925467
PANCHAYAT,Aroor,Alappuzha,health_user19,Health@12319,Health User 19,9584037847
PANCHAYAT,Aryad,Alappuzha,health_user20,Health@12320,Health User 20,9577405548
PANCHAYAT,Bharanikkavu,Alappuzha,health_user21,Health@12321,Health User 21,9338930315
PANCHAYAT,Budhannoor,Alappuzha,health_user22,Health@12322,Health User 22,9542526666
PANCHAYAT,Champakkulam,Alappuzha,health_user23,Health@12323,Health User 23,9384204938
PANCHAYAT,Chennampalippuram,Alappuzha,health_user24,Health@12324,Health User 24,9591967187
PANCHAYAT,Chennithala Thriperumthara,Alappuzha,health_user25,Health@12325,Health User 25,9217927790
PANCHAYAT,Cheppad,Alappuzha,health_user26,Health@12326,Health User 26,9589479845
PANCHAYAT,Cheriyanad,Alappuzha,health_user27,Health@12327,Health User 27,9325287802
PANCHAYAT,Cherthala South,Alappuzha,health_user28,Health@12328,Health User 28,9378810859
PANCHAYAT,Cheruthana,Alappuzha,health_user29,Health@12329,Health User 29,9338786319
PANCHAYAT,Chettikulangara,Alappuzha,health_user30,Health@12330,Health User 30,9240335136
PANCHAYAT,Chingoli,Alappuzha,health_user31,Health@12331,Health User 31,9898307036
PANCHAYAT,Chunakkara,Alappuzha,health_user32,Health@12332,Health User 32,9434570369
PANCHAYAT,Devikulangara,Alappuzha,health_user33,Health@12333,Health User 33,9109663830
PANCHAYAT,Edathua,Alappuzha,health_user34,Health@12334,Health User 34,9638856457
PANCHAYAT,Ezhupunna,Alappuzha,health_user35,Health@12335,Health User 35,9590931688
PANCHAYAT,Kadakkarappally,Alappuzha,health_user36,Health@12336,Health User 36,9788322392
PANCHAYAT,Kainakary,Alappuzha,health_user37,Health@12337,Health User 37,9684409404
PANCHAYAT,Kandalloor,Alappuzha,health_user38,Health@12338,Health User 38,9329544862
PANCHAYAT,Kanjikuzhi,Alappuzha,health_user39,Health@12339,Health User 39,9376994100
PANCHAYAT,Karthikappally,Alappuzha,health_user40,Health@12340,Health User 40,9216691560
PANCHAYAT,Karuvatta,Alappuzha,health_user41,Health@12341,Health User 41,9434075513
PANCHAYAT,Kavalam,Alappuzha,health_user42,Health@12342,Health User 42,9587881862
PANCHAYAT,Kodamthuruthu,Alappuzha,health_user43,Health@12343,Health User 43,9273138785
PANCHAYAT,Krishnapuram,Alappuzha,health_user44,Health@12344,Health User 44,9794996044
PANCHAYAT,Kumarapuram,Alappuzha,health_user45,Health@12345,Health User 45,9591893693
PANCHAYAT,Kuthiathodu,Alappuzha,health_user46,Health@12346,Health User 46,9763575775
PANCHAYAT,Mannanchery,Alappuzha,health_user47,Health@12347,Health User 47,9879051075
PANCHAYAT,Mannar,Alappuzha,health_user48,Health@12348,Health User 48,9827436603
PANCHAYAT,Mararikkulam North,Alappuzha,health_user49,Health@12349,Health User 49,9925687445
PANCHAYAT,Mararikkulam South,Alappuzha,health_user50,Health@12350,Health User 50,9113309066
PANCHAYAT,Mavelikkara Thamarakkulam,Alappuzha,health_user51,Health@12351,Health User 51,9120548808
PANCHAYAT,Mavelikkara Thekkekara,Alappuzha,health_user52,Health@12352,Health User 52,9976788782
PANCHAYAT,Muhamma,Alappuzha,health_user53,Health@12353,Health User 53,9606798368
PANCHAYAT,Mulakkuzha,Alappuzha,health_user54,Health@12354,Health User 54,9667117648
PANCHAYAT,Muthukulam,Alappuzha,health_user55,Health@12355,Health User 55,9417703382
PANCHAYAT,Muttar,Alappuzha,health_user56,Health@12356,Health User 56,9826817215
PANCHAYAT,Nedumudi,Alappuzha,health_user57,Health@12357,Health User 57,9804299145
PANCHAYAT,Neelamperoor,Alappuzha,health_user58,Health@12358,Health User 58,9558185201
PANCHAYAT,Nooranad,Alappuzha,health_user59,Health@12359,Health User 59,9264265421
PANCHAYAT,Palamel,Alappuzha,health_user60,Health@12360,Health User 60,9245509336
PANCHAYAT,Pallippad,Alappuzha,health_user61,Health@12361,Health User 61,9357705014
PANCHAYAT,Panavally,Alappuzha,health_user62,Health@12362,Health User 62,9546632223
PANCHAYAT,Pandanad,Alappuzha,health_user63,Health@12363,Health User 63,9752160709
PANCHAYAT,Pathiyoor,Alappuzha,health_user64,Health@12364,Health User 64,9231528176
PANCHAYAT,Pattanakkad,Alappuzha,health_user65,Health@12365,Health User 65,9233658349
PANCHAYAT,Perumbalam,Alappuzha,health_user66,Health@12366,Health User 66,9309619444
PANCHAYAT,Pulinkunnu,Alappuzha,health_user67,Health@12367,Health User 67,9524772809
PANCHAYAT,Puliyoor,Alappuzha,health_user68,Health@12368,Health User 68,9704062664
PANCHAYAT,Punnapra (North),Alappuzha,health_user69,Health@12369,Health User 69,9321960502
PANCHAYAT,Punnapra(South),Alappuzha,health_user70,Health@12370,Health User 70,9717692144
PANCHAYAT,Purakkad,Alappuzha,health_user71,Health@12371,Health User 71,9796483843
PANCHAYAT,Ramankari,Alappuzha,health_user72,Health@12372,Health User 72,9688020893
PANCHAYAT,Thaicattussery,Alappuzha,health_user73,Health@12373,Health User 73,9327030917
PANCHAYAT,Thakazhi,Alappuzha,health_user74,Health@12374,Health User 74,9181689483
PANCHAYAT,Thalavadi,Alappuzha,health_user75,Health@12375,Health User 75,9675217331
PANCHAYAT,Thanneermukkam,Alappuzha,health_user76,Health@12376,Health User 76,9967040950
PANCHAYAT,Thazhakkara,Alappuzha,health_user77,Health@12377,Health User 77,9866454151
PANCHAYAT,Thiruvanvandur,Alappuzha,health_user78,Health@12378,Health User 78,9319089821
PANCHAYAT,Thrikkunnapuzha,Alappuzha,health_user79,Health@12379,Health User 79,9315179006
PANCHAYAT,Thuravoor,Alappuzha,health_user80,Health@12380,Health User 80,9176606080
PANCHAYAT,Vallikunnam,Alappuzha,health_user81,Health@12381,Health User 81,9930430758
PANCHAYAT,Vayalar,Alappuzha,health_user82,Health@12382,Health User 82,9862183691
PANCHAYAT,Veeyapuram,Alappuzha,health_user83,Health@12383,Health User 83,9861024089
PANCHAYAT,Veliyanad,Alappuzha,health_user84,Health@12384,Health User 84,9690246622
PANCHAYAT,Venmony,Alappuzha,health_user85,Health@12385,Health User 85,9299945922
PANCHAYAT,Localbody Name (In English),Ernakulam,health_user86,Health@12386,Health User 86,9591485890
PANCHAYAT,Ernakulam,Ernakulam,health_user87,Health@12387,Health User 87,9505936013
PANCHAYAT,Alangad,Ernakulam,health_user88,Health@12388,Health User 88,9895051933
PANCHAYAT,Angamali,Ernakulam,health_user89,Health@12389,Health User 89,9516865136
PANCHAYAT,Edappally,Ernakulam,health_user90,Health@12390,Health User 90,9121082714
PANCHAYAT,Koovappady,Ernakulam,health_user91,Health@12391,Health User 91,9782942978
PANCHAYAT,Kothamangalam,Ernakulam,health_user92,Health@12392,Health User 92,9103706536
PANCHAYAT,Mulanthuruthy,Ernakulam,health_user93,Health@12393,Health User 93,9117112980
PANCHAYAT,Muvattupuzha,Ernakulam,health_user94,Health@12394,Health User 94,9521657687
PANCHAYAT,Palluruthy,Ernakulam,health_user95,Health@12395,Health User 95,9469808974
PANCHAYAT,Pampakuda,Ernakulam,health_user96,Health@12396,Health User 96,9469041466
PANCHAYAT,Parakkadav,Ernakulam,health_user97,Health@12397,Health User 97,9153189266
PANCHAYAT,Paravur,Ernakulam,health_user98,Health@12398,Health User 98,9228108767
PANCHAYAT,Vadavucode,Ernakulam,health_user99,Health@12399,Health User 99,9527965157
PANCHAYAT,Vazhakkulam,Ernakulam,health_user100,Health@123100,Health User 100,9435433967
PANCHAYAT,Vypeen,Ernakulam,health_user101,Health@123101,Health User 101,9611152304
PANCHAYAT,Aikkaranad,Ernakulam,health_user102,Health@123102,Health User 102,9621573717
PANCHAYAT,Alangad,Ernakulam,health_user103,Health@123103,Health User 103,9275746653
PANCHAYAT,Amballur,Ernakulam,health_user104,Health@123104,Health User 104,9201284350
PANCHAYAT,Arakuzha,Ernakulam,health_user105,Health@123105,Health User 105,9213412183
PANCHAYAT,Asamannoor,Ernakulam,health_user106,Health@123106,Health User 106,9783173223
PANCHAYAT,Avoly,Ernakulam,health_user107,Health@123107,Health User 107,9450178751
PANCHAYAT,Ayavana,Ernakulam,health_user108,Health@123108,Health User 108,9835452249
PANCHAYAT,Ayyampuzha,Ernakulam,health_user109,Health@123109,Health User 109,9383639613
PANCHAYAT,Chellanam,Ernakulam,health_user110,Health@123110,Health User 110,9245152651
PANCHAYAT,Chendamangalam,Ernakulam,health_user111,Health@123111,Health User 111,9193633843
PANCHAYAT,Chengamanad,Ernakulam,health_user112,Health@123112,Health User 112,9355839285
PANCHAYAT,Cheranallur,Ernakulam,health_user113,Health@123113,Health User 113,9345959029
PANCHAYAT,Chittattukara,Ernakulam,health_user114,Health@123114,Health User 114,9900801480
PANCHAYAT,Choornikkara,Ernakulam,health_user115,Health@123115,Health User 115,9681885182
PANCHAYAT,Chottanikkara,Ernakulam,health_user116,Health@123116,Health User 116,9818899232
PANCHAYAT,Edakkattuvayal,Ernakulam,health_user117,Health@123117,Health User 117,9796590230
PANCHAYAT,Edathala,Ernakulam,health_user118,Health@123118,Health User 118,9713675881
PANCHAYAT,Edavanakkad,Ernakulam,health_user119,Health@123119,Health User 119,9633679868
PANCHAYAT,Elamkunnapuzha,Ernakulam,health_user120,Health@123120,Health User 120,9450669755
PANCHAYAT,Elanji,Ernakulam,health_user121,Health@123121,Health User 121,9505777234
PANCHAYAT,Ezhikkara,Ernakulam,health_user122,Health@123122,Health User 122,9269585768
PANCHAYAT,Kadamakkudy,Ernakulam,health_user123,Health@123123,Health User 123,9811123174
PANCHAYAT,Kadungallur,Ernakulam,health_user124,Health@123124,Health User 124,9969972183
PANCHAYAT,Kalady,Ernakulam,health_user125,Health@123125,Health User 125,9541290647
PANCHAYAT,Kalloorkkad,Ernakulam,health_user126,Health@123126,Health User 126,9769488787
PANCHAYAT,Kanjoor,Ernakulam,health_user127,Health@123127,Health User 127,9191288014
PANCHAYAT,Karukutty,Ernakulam,health_user128,Health@123128,Health User 128,9493397135
PANCHAYAT,Karumalloor,Ernakulam,health_user129,Health@123129,Health User 129,9294800153
PANCHAYAT,Kavalangad,Ernakulam,health_user130,Health@123130,Health User 130,9548791515
PANCHAYAT,Keerampara,Ernakulam,health_user131,Health@123131,Health User 131,9329918484
PANCHAYAT,Keezhmad,Ernakulam,health_user132,Health@123132,Health User 132,9105527717
PANCHAYAT,Kizhakkambalam,Ernakulam,health_user133,Health@123133,Health User 133,9589860437
PANCHAYAT,Koovappady,Ernakulam,health_user134,Health@123134,Health User 134,9177770643
PANCHAYAT,Kottappady,Ernakulam,health_user135,Health@123135,Health User 135,9187991116
PANCHAYAT,Kottuvally,Ernakulam,health_user136,Health@123136,Health User 136,9219583173
PANCHAYAT,Kumbalam,Ernakulam,health_user137,Health@123137,Health User 137,9192722561
PANCHAYAT,Kumbalangy,Ernakulam,health_user138,Health@123138,Health User 138,9202483963
PANCHAYAT,Kunnathunad,Ernakulam,health_user139,Health@123139,Health User 139,9725127868
PANCHAYAT,Kunnukara,Ernakulam,health_user140,Health@123140,Health User 140,9769253698
PANCHAYAT,Kuttampuzha,Ernakulam,health_user141,Health@123141,Health User 141,9773578341
PANCHAYAT,Kuzhuppilly,Ernakulam,health_user142,Health@123142,Health User 142,9659781111
PANCHAYAT,Malayattoor Neeleswaram,Ernakulam,health_user143,Health@123143,Health User 143,9793570350
PANCHAYAT,Maneed,Ernakulam,health_user144,Health@123144,Health User 144,9678762208
PANCHAYAT,Manjalloor,Ernakulam,health_user145,Health@123145,Health User 145,9543308717
PANCHAYAT,Manjapra,Ernakulam,health_user146,Health@123146,Health User 146,9700868748
PANCHAYAT,Marady,Ernakulam,health_user147,Health@123147,Health User 147,9573166282
PANCHAYAT,Mazhuvannoor,Ernakulam,health_user148,Health@123148,Health User 148,9817970745
PANCHAYAT,Mookkannur,Ernakulam,health_user149,Health@123149,Health User 149,9295981704
PANCHAYAT,Mudakuzha,Ernakulam,health_user150,Health@123150,Health User 150,9518392513
PANCHAYAT,Mulavukad,Ernakulam,health_user151,Health@123151,Health User 151,9764982877
PANCHAYAT,Mulumthuruthy,Ernakulam,health_user152,Health@123152,Health User 152,9682737218
PANCHAYAT,Nayarambalam,Ernakulam,health_user153,Health@123153,Health User 153,9737187186
PANCHAYAT,Nedumbassery,Ernakulam,health_user154,Health@123154,Health User 154,9384882371
PANCHAYAT,Nellikkuzhi,Ernakulam,health_user155,Health@123155,Health User 155,9829874750
PANCHAYAT,Njarakkal,Ernakulam,health_user156,Health@123156,Health User 156,9757567750
PANCHAYAT,Okkal,Ernakulam,health_user157,Health@123157,Health User 157,9735498025
PANCHAYAT,Paingottur,Ernakulam,health_user158,Health@123158,Health User 158,9109863193
PANCHAYAT,Paipra,Ernakulam,health_user159,Health@123159,Health User 159,9805287069
PANCHAYAT,Palakuzha,Ernakulam,health_user160,Health@123160,Health User 160,9967140416
PANCHAYAT,Pallarimangalam,Ernakulam,health_user161,Health@123161,Health User 161,9272478708
PANCHAYAT,Pallippuram,Ernakulam,health_user162,Health@123162,Health User 162,9969785367
PANCHAYAT,Pampakuda,Ernakulam,health_user163,Health@123163,Health User 163,9960082451
PANCHAYAT,Parakkadavu,Ernakulam,health_user164,Health@123164,Health User 164,9684688237
PANCHAYAT,Pindimana,Ernakulam,health_user165,Health@123165,Health User 165,9150697610
PANCHAYAT,Poothrikka,Ernakulam,health_user166,Health@123166,Health User 166,9973863076
PANCHAYAT,Pothanikkad,Ernakulam,health_user167,Health@123167,Health User 167,9848503792
PANCHAYAT,Puthenvelikkara,Ernakulam,health_user168,Health@123168,Health User 168,9110179212
PANCHAYAT,Ramamangalam,Ernakulam,health_user169,Health@123169,Health User 169,9245903969
PANCHAYAT,Rayamangalam,Ernakulam,health_user170,Health@123170,Health User 170,9881466370
PANCHAYAT,Sreemoolanagaram,Ernakulam,health_user171,Health@123171,Health User 171,9857336307
PANCHAYAT,Thirumarady,Ernakulam,health_user172,Health@123172,Health User 172,9800171691
PANCHAYAT,Thiruvaniyoor,Ernakulam,health_user173,Health@123173,Health User 173,9357455672
PANCHAYAT,Thuravoor,Ernakulam,health_user174,Health@123174,Health User 174,9233990717
PANCHAYAT,Udayamperur,Ernakulam,health_user175,Health@123175,Health User 175,9217550900
PANCHAYAT,Vadakkekara,Ernakulam,health_user176,Health@123176,Health User 176,9170691614
PANCHAYAT,Vadavucode Puthen Cruz,Ernakulam,health_user177,Health@123177,Health User 177,9576898323
PANCHAYAT,Valakom,Ernakulam,health_user178,Health@123178,Health User 178,9729989160
PANCHAYAT,Varappetty,Ernakulam,health_user179,Health@123179,Health User 179,9133183008
PANCHAYAT,Varapuzha,Ernakulam,health_user180,Health@123180,Health User 180,9458134889
PANCHAYAT,Vazhakkulam,Ernakulam,health_user181,Health@123181,Health User 181,9627156117
PANCHAYAT,Vengola,Ernakulam,health_user182,Health@123182,Health User 182,9813027181
PANCHAYAT,Vengoor,Ernakulam,health_user183,Health@123183,Health User 183,9337571765
PANCHAYAT,Localbody Name (In English),Idukki,health_user184,Health@123184,Health User 184,9929141010
PANCHAYAT,Idukki,Idukki,health_user185,Health@123185,Health User 185,9334066386
PANCHAYAT,Adimaly,Idukki,health_user186,Health@123186,Health User 186,9201035605
PANCHAYAT,Azhutha,Idukki,health_user187,Health@123187,Health User 187,9829815705
PANCHAYAT,Devikulam,Idukki,health_user188,Health@123188,Health User 188,9134564622
PANCHAYAT,Elemdesam,Idukki,health_user189,Health@123189,Health User 189,9171584379
PANCHAYAT,Idukki,Idukki,health_user190,Health@123190,Health User 190,9120469186
PANCHAYAT,Kattappana,Idukki,health_user191,Health@123191,Health User 191,9267619798
PANCHAYAT,Nedumkandom,Idukki,health_user192,Health@123192,Health User 192,9320584623
PANCHAYAT,Thodupuzha,Idukki,health_user193,Health@123193,Health User 193,9596778691
PANCHAYAT,Adimaly,Idukki,health_user194,Health@123194,Health User 194,9800078459
PANCHAYAT,Alakkode,Idukki,health_user195,Health@123195,Health User 195,9798592364
PANCHAYAT,Arakulam,Idukki,health_user196,Health@123196,Health User 196,9596682283
PANCHAYAT,Ayyappancoil,Idukki,health_user197,Health@123197,Health User 197,9946690566
PANCHAYAT,Bisonvalley,Idukki,health_user198,Health@123198,Health User 198,9266861853
PANCHAYAT,Chakkupallam,Idukki,health_user199,Health@123199,Health User 199,9615838680
PANCHAYAT,Chinnakanal,Idukki,health_user200,Health@123200,Health User 200,9139055867
PANCHAYAT,Devikulam,Idukki,health_user201,Health@123201,Health User 201,9707865420
PANCHAYAT,Edamalakkudy,Idukki,health_user202,Health@123202,Health User 202,9420142161
PANCHAYAT,Edavetty,Idukki,health_user203,Health@123203,Health User 203,9922794873
PANCHAYAT,Elappara,Idukki,health_user204,Health@123204,Health User 204,9992804810
PANCHAYAT,Erattayar,Idukki,health_user205,Health@123205,Health User 205,9981712239
PANCHAYAT,Idukki - Kanjikuzhy,Idukki,health_user206,Health@123206,Health User 206,9334343177
PANCHAYAT,Kamakshy,Idukki,health_user207,Health@123207,Health User 207,9864328240
PANCHAYAT,Kanchiyar,Idukki,health_user208,Health@123208,Health User 208,9753895811
PANCHAYAT,Kanthalloor,Idukki,health_user209,Health@123209,Health User 209,9940675201
PANCHAYAT,Karimannoor,Idukki,health_user210,Health@123210,Health User 210,9565353751
PANCHAYAT,Karimkunnam,Idukki,health_user211,Health@123211,Health User 211,9466340951
PANCHAYAT,Karunapuram,Idukki,health_user212,Health@123212,Health User 212,9998109195
PANCHAYAT,Kodikulam,Idukki,health_user213,Health@123213,Health User 213,9728522119
PANCHAYAT,Kokkayar,Idukki,health_user214,Health@123214,Health User 214,9382288549
PANCHAYAT,Konnathady,Idukki,health_user215,Health@123215,Health User 215,9785067555
PANCHAYAT,Kudayathoor,Idukki,health_user216,Health@123216,Health User 216,9859723958
PANCHAYAT,Kumaly,Idukki,health_user217,Health@123217,Health User 217,9908505654
PANCHAYAT,Kumaramangalam,Idukki,health_user218,Health@123218,Health User 218,9118937057
PANCHAYAT,Manakkad,Idukki,health_user219,Health@123219,Health User 219,9339372805
PANCHAYAT,Mankulam,Idukki,health_user220,Health@123220,Health User 220,9592811447
PANCHAYAT,Marayoor,Idukki,health_user221,Health@123221,Health User 221,9617305241
PANCHAYAT,Mariyapuram,Idukki,health_user222,Health@123222,Health User 222,9689788003
PANCHAYAT,Munnar,Idukki,health_user223,Health@123223,Health User 223,9864526691
PANCHAYAT,Muttom,Idukki,health_user224,Health@123224,Health User 224,9402339873
PANCHAYAT,Nedumkandam,Idukki,health_user225,Health@123225,Health User 225,9958911224
PANCHAYAT,Pallivasal,Idukki,health_user226,Health@123226,Health User 226,9730534930
PANCHAYAT,Pampadumpara,Idukki,health_user227,Health@123227,Health User 227,9483602433
PANCHAYAT,Peerumedu,Idukki,health_user228,Health@123228,Health User 228,9678832828
PANCHAYAT,Peruvanthanam,Idukki,health_user229,Health@123229,Health User 229,9367580400
PANCHAYAT,Purapuzha,Idukki,health_user230,Health@123230,Health User 230,9945820857
PANCHAYAT,Rajakkad,Idukki,health_user231,Health@123231,Health User 231,9837753162
PANCHAYAT,Rajakumari,Idukki,health_user232,Health@123232,Health User 232,9655575307
PANCHAYAT,Santhanpara,Idukki,health_user233,Health@123233,Health User 233,9319670011
PANCHAYAT,Senapathy,Idukki,health_user234,Health@123234,Health User 234,9226693838
PANCHAYAT,Udumbanchola,Idukki,health_user235,Health@123235,Health User 235,9866511534
PANCHAYAT,Udumbanoor,Idukki,health_user236,Health@123236,Health User 236,9763217709
PANCHAYAT,Upputhara,Idukki,health_user237,Health@123237,Health User 237,9197926914
PANCHAYAT,Vandenmedu,Idukki,health_user238,Health@123238,Health User 238,9745494706
PANCHAYAT,Vandiperiyar,Idukki,health_user239,Health@123239,Health User 239,9945625370
PANCHAYAT,Vannapuram,Idukki,health_user240,Health@123240,Health User 240,9343147726
PANCHAYAT,Vathikudy,Idukki,health_user241,Health@123241,Health User 241,9853507268
PANCHAYAT,Vattavada,Idukki,health_user242,Health@123242,Health User 242,9506511232
PANCHAYAT,Vazhathope,Idukki,health_user243,Health@123243,Health User 243,9283934489
PANCHAYAT,Vellathooval,Idukki,health_user244,Health@123244,Health User 244,9807024175
PANCHAYAT,Velliyamattom,Idukki,health_user245,Health@123245,Health User 245,9477331147
PANCHAYAT,Localbody Name (In English),Kannur,health_user246,Health@123246,Health User 246,9313759073
PANCHAYAT,Kannur,Kannur,health_user247,Health@123247,Health User 247,9863415658
PANCHAYAT,Edakkad,Kannur,health_user248,Health@123248,Health User 248,9364903434
PANCHAYAT,Irikkur,Kannur,health_user249,Health@123249,Health User 249,9557955331
PANCHAYAT,Iritty,Kannur,health_user250,Health@123250,Health User 250,9665247218
PANCHAYAT,Kalliasseri,Kannur,health_user251,Health@123251,Health User 251,9998793103
PANCHAYAT,Kannur,Kannur,health_user252,Health@123252,Health User 252,9673664259
PANCHAYAT,Kuthuparamba,Kannur,health_user253,Health@123253,Health User 253,9445477246
PANCHAYAT,Panoor,Kannur,health_user254,Health@123254,Health User 254,9186775531
PANCHAYAT,Payyannur,Kannur,health_user255,Health@123255,Health User 255,9223982656
PANCHAYAT,Peravoor,Kannur,health_user256,Health@123256,Health User 256,9378308621
PANCHAYAT,Taliparamba,Kannur,health_user257,Health@123257,Health User 257,9494040195
PANCHAYAT,Thalassery,Kannur,health_user258,Health@123258,Health User 258,9915717278
PANCHAYAT,Alakode,Kannur,health_user259,Health@123259,Health User 259,9541637725
PANCHAYAT,Ancharakandy,Kannur,health_user260,Health@123260,Health User 260,9131379151
PANCHAYAT,Aralam,Kannur,health_user261,Health@123261,Health User 261,9615134863
PANCHAYAT,Ayyankunnu,Kannur,health_user262,Health@123262,Health User 262,9661586292
PANCHAYAT,Azhikode,Kannur,health_user263,Health@123263,Health User 263,9763813740
PANCHAYAT,Chapparapadavu,Kannur,health_user264,Health@123264,Health User 264,9636563609
PANCHAYAT,Chembilode,Kannur,health_user265,Health@123265,Health User 265,9138256462
PANCHAYAT,Chengalai,Kannur,health_user266,Health@123266,Health User 266,9994719663
PANCHAYAT,Cherukunnu,Kannur,health_user267,Health@123267,Health User 267,9848375887
PANCHAYAT,Cherupuzha,Kannur,health_user268,Health@123268,Health User 268,9315052543
PANCHAYAT,Cheruthazham,Kannur,health_user269,Health@123269,Health User 269,9663530650
PANCHAYAT,Chirakkal,Kannur,health_user270,Health@123270,Health User 270,9708677263
PANCHAYAT,Chittariparamba,Kannur,health_user271,Health@123271,Health User 271,9970958180
PANCHAYAT,Chokli,Kannur,health_user272,Health@123272,Health User 272,9773880781
PANCHAYAT,Dharmadam,Kannur,health_user273,Health@123273,Health User 273,9374570975
PANCHAYAT,Eramam -Kuttoor,Kannur,health_user274,Health@123274,Health User 274,9750170984
PANCHAYAT,Eranholi,Kannur,health_user275,Health@123275,Health User 275,9656005756
PANCHAYAT,Eruvessey,Kannur,health_user276,Health@123276,Health User 276,9516330431
PANCHAYAT,Ezhome,Kannur,health_user277,Health@123277,Health User 277,9833793087
PANCHAYAT,Irikkur,Kannur,health_user278,Health@123278,Health User 278,9917711197
PANCHAYAT,Kadamboor,Kannur,health_user279,Health@123279,Health User 279,9521279354
PANCHAYAT,Kadannapally -Panapuzha,Kannur,health_user280,Health@123280,Health User 280,9761026972
PANCHAYAT,Kadirur,Kannur,health_user281,Health@123281,Health User 281,9468115299
PANCHAYAT,Kalliassery,Kannur,health_user282,Health@123282,Health User 282,9515626611
PANCHAYAT,Kanichar,Kannur,health_user283,Health@123283,Health User 283,9916233460
PANCHAYAT,Kankole- Alapadamba,Kannur,health_user284,Health@123284,Health User 284,9590768067
PANCHAYAT,Kannapuram,Kannur,health_user285,Health@123285,Health User 285,9365091928
PANCHAYAT,Karivellur -Peralam,Kannur,health_user286,Health@123286,Health User 286,9895488405
PANCHAYAT,Keezhallur,Kannur,health_user287,Health@123287,Health User 287,9584589105
PANCHAYAT,Kelakam,Kannur,health_user288,Health@123288,Health User 288,9140119960
PANCHAYAT,Kolacherry,Kannur,health_user289,Health@123289,Health User 289,9921966930
PANCHAYAT,Kolayad,Kannur,health_user290,Health@123290,Health User 290,9693277951
PANCHAYAT,Koodali,Kannur,health_user291,Health@123291,Health User 291,9902106057
PANCHAYAT,Kottayam,Kannur,health_user292,Health@123292,Health User 292,9680464056
PANCHAYAT,Kottiyoor,Kannur,health_user293,Health@123293,Health User 293,9763432976
PANCHAYAT,Kunhimangalam,Kannur,health_user294,Health@123294,Health User 294,9456116698
PANCHAYAT,Kunnathuparamba,Kannur,health_user295,Health@123295,Health User 295,9738917262
PANCHAYAT,Kurumathur,Kannur,health_user296,Health@123296,Health User 296,9314778007
PANCHAYAT,Kuttiattor,Kannur,health_user297,Health@123297,Health User 297,9999998611
PANCHAYAT,Madayi,Kannur,health_user298,Health@123298,Health User 298,9679620102
PANCHAYAT,Malapattom,Kannur,health_user299,Health@123299,Health User 299,9916661133
PANCHAYAT,Malur,Kannur,health_user300,Health@123300,Health User 300,9430171339
PANCHAYAT,Mangattidom,Kannur,health_user301,Health@123301,Health User 301,9973296436
PANCHAYAT,Mattool,Kannur,health_user302,Health@123302,Health User 302,9333971849
PANCHAYAT,Mayyil,Kannur,health_user303,Health@123303,Health User 303,9762864233
PANCHAYAT,Mokeri,Kannur,health_user304,Health@123304,Health User 304,9734527669
PANCHAYAT,Munderi,Kannur,health_user305,Health@123305,Health User 305,9430073118
PANCHAYAT,Muzhakkunnu,Kannur,health_user306,Health@123306,Health User 306,9229221934
PANCHAYAT,Muzhappilangad,Kannur,health_user307,Health@123307,Health User 307,9999461835
PANCHAYAT,Naduvil,Kannur,health_user308,Health@123308,Health User 308,9859490916
PANCHAYAT,Narath,Kannur,health_user309,Health@123309,Health User 309,9942611050
PANCHAYAT,New Mahi,Kannur,health_user310,Health@123310,Health User 310,9502334651
PANCHAYAT,Padiyur,Kannur,health_user311,Health@123311,Health User 311,9324398945
PANCHAYAT,Panniyannur,Kannur,health_user312,Health@123312,Health User 312,9910041552
PANCHAYAT,Pappinisseri,Kannur,health_user313,Health@123313,Health User 313,9847695855
PANCHAYAT,Pariyaram,Kannur,health_user314,Health@123314,Health User 314,9898526919
PANCHAYAT,Pattiam,Kannur,health_user315,Health@123315,Health User 315,9458866420
PANCHAYAT,Pattuvam,Kannur,health_user316,Health@123316,Health User 316,9515923582
PANCHAYAT,Payam,Kannur,health_user317,Health@123317,Health User 317,9274303096
PANCHAYAT,Payyavoor,Kannur,health_user318,Health@123318,Health User 318,9148746944
PANCHAYAT,Peralasseri,Kannur,health_user319,Health@123319,Health User 319,9534980665
PANCHAYAT,Peravoor,Kannur,health_user320,Health@123320,Health User 320,9238491198
PANCHAYAT,Peringome -Vayakkara,Kannur,health_user321,Health@123321,Health User 321,9245602366
PANCHAYAT,Pinarayi,Kannur,health_user322,Health@123322,Health User 322,9876229842
PANCHAYAT,Ramanthali,Kannur,health_user323,Health@123323,Health User 323,9969356265
PANCHAYAT,Thillankeri,Kannur,health_user324,Health@123324,Health User 324,9976715927
PANCHAYAT,Trippangottur,Kannur,health_user325,Health@123325,Health User 325,9430817896
PANCHAYAT,Udayagiri,Kannur,health_user326,Health@123326,Health User 326,9601020995
PANCHAYAT,Ulikkal,Kannur,health_user327,Health@123327,Health User 327,9579984934
PANCHAYAT,Valapattanam,Kannur,health_user328,Health@123328,Health User 328,9116606315
PANCHAYAT,Vengad,Kannur,health_user329,Health@123329,Health User 329,9242192420
PANCHAYAT,Localbody Name (In English),Kasaragod,health_user330,Health@123330,Health User 330,9322930439
PANCHAYAT,Kasaragod,Kasaragod,health_user331,Health@123331,Health User 331,9308001597
PANCHAYAT,Kanhangad,Kasaragod,health_user332,Health@123332,Health User 332,9898763083
PANCHAYAT,Karadka,Kasaragod,health_user333,Health@123333,Health User 333,9970455582
PANCHAYAT,Kasargod,Kasaragod,health_user334,Health@123334,Health User 334,9679936935
PANCHAYAT,Manjeshwar,Kasaragod,health_user335,Health@123335,Health User 335,9442677573
PANCHAYAT,Nileshwar,Kasaragod,health_user336,Health@123336,Health User 336,9256338013
PANCHAYAT,Parappa,Kasaragod,health_user337,Health@123337,Health User 337,9138338099
PANCHAYAT,Ajanoor,Kasaragod,health_user338,Health@123338,Health User 338,9782145118
PANCHAYAT,Badiyadka,Kasaragod,health_user339,Health@123339,Health User 339,9918832043
PANCHAYAT,Balal,Kasaragod,health_user340,Health@123340,Health User 340,9435709466
PANCHAYAT,Bedaduka,Kasaragod,health_user341,Health@123341,Health User 341,9818507947
PANCHAYAT,Belloor,Kasaragod,health_user342,Health@123342,Health User 342,9938944540
PANCHAYAT,Chemnad,Kasaragod,health_user343,Health@123343,Health User 343,9992346051
PANCHAYAT,Chengala,Kasaragod,health_user344,Health@123344,Health User 344,9952364515
PANCHAYAT,Cheruvathur,Kasaragod,health_user345,Health@123345,Health User 345,9656910931
PANCHAYAT,Delampady,Kasaragod,health_user346,Health@123346,Health User 346,9486624232
PANCHAYAT,East Eleri,Kasaragod,health_user347,Health@123347,Health User 347,9841535176
PANCHAYAT,Enmakaje,Kasaragod,health_user348,Health@123348,Health User 348,9648764150
PANCHAYAT,Kallar,Kasaragod,health_user349,Health@123349,Health User 349,9273938940
PANCHAYAT,Karadka,Kasaragod,health_user350,Health@123350,Health User 350,9128789252
PANCHAYAT,Kayyur Cheemeni,Kasaragod,health_user351,Health@123351,Health User 351,9357313003
PANCHAYAT,Kinanoor Karindalam,Kasaragod,health_user352,Health@123352,Health User 352,9906918599
PANCHAYAT,Kodombellur,Kasaragod,health_user353,Health@123353,Health User 353,9666754480
PANCHAYAT,Kumbadaje,Kasaragod,health_user354,Health@123354,Health User 354,9135430647
PANCHAYAT,Kumbala,Kasaragod,health_user355,Health@123355,Health User 355,9818039759
PANCHAYAT,Kutikkol,Kasaragod,health_user356,Health@123356,Health User 356,9394761458
PANCHAYAT,Madhur,Kasaragod,health_user357,Health@123357,Health User 357,9324176865
PANCHAYAT,Madikkai,Kasaragod,health_user358,Health@123358,Health User 358,9308894699
PANCHAYAT,Mangalpady,Kasaragod,health_user359,Health@123359,Health User 359,9620456417
PANCHAYAT,Manjewswaram,Kasaragod,health_user360,Health@123360,Health User 360,9869681058
PANCHAYAT,Meenja,Kasaragod,health_user361,Health@123361,Health User 361,9117027233
PANCHAYAT,Mogral Puthur,Kasaragod,health_user362,Health@123362,Health User 362,9302056815
PANCHAYAT,Muliyar,Kasaragod,health_user363,Health@123363,Health User 363,9433881958
PANCHAYAT,Padne,Kasaragod,health_user364,Health@123364,Health User 364,9781660016
PANCHAYAT,Paivalike,Kasaragod,health_user365,Health@123365,Health User 365,9913615943
PANCHAYAT,Pallikkara,Kasaragod,health_user366,Health@123366,Health User 366,9935573120
PANCHAYAT,Panathady,Kasaragod,health_user367,Health@123367,Health User 367,9238181638
PANCHAYAT,Pilicode,Kasaragod,health_user368,Health@123368,Health User 368,9874957535
PANCHAYAT,Pullurperiya,Kasaragod,health_user369,Health@123369,Health User 369,9683420983
PANCHAYAT,Puthige,Kasaragod,health_user370,Health@123370,Health User 370,9819489884
PANCHAYAT,Thrikkaripur,Kasaragod,health_user371,Health@123371,Health User 371,9147473954
PANCHAYAT,Udma,Kasaragod,health_user372,Health@123372,Health User 372,9774196484
PANCHAYAT,Valiyaparamba,Kasaragod,health_user373,Health@123373,Health User 373,9295662918
PANCHAYAT,Vorkady,Kasaragod,health_user374,Health@123374,Health User 374,9493149772
PANCHAYAT,West Eleri,Kasaragod,health_user375,Health@123375,Health User 375,9265820160
PANCHAYAT,Localbody Name (In English),Kollam,health_user376,Health@123376,Health User 376,9293592676
PANCHAYAT,Kollam,Kollam,health_user377,Health@123377,Health User 377,9925422437
PANCHAYAT,Anchal,Kollam,health_user378,Health@123378,Health User 378,9233355335
PANCHAYAT,Chadayamangalam,Kollam,health_user379,Health@123379,Health User 379,9997285370
PANCHAYAT,Chavara,Kollam,health_user380,Health@123380,Health User 380,9311525455
PANCHAYAT,Chittumala,Kollam,health_user381,Health@123381,Health User 381,9658021790
PANCHAYAT,Ithikkara,Kollam,health_user382,Health@123382,Health User 382,9666334027
PANCHAYAT,Kottarakkara,Kollam,health_user383,Health@123383,Health User 383,9529162942
PANCHAYAT,Mukhathala,Kollam,health_user384,Health@123384,Health User 384,9399835950
PANCHAYAT,Oachira,Kollam,health_user385,Health@123385,Health User 385,9509628343
PANCHAYAT,Pathanapuram,Kollam,health_user386,Health@123386,Health User 386,9497615264
PANCHAYAT,Sasthamcottah,Kollam,health_user387,Health@123387,Health User 387,9679024401
PANCHAYAT,Vettikkavala,Kollam,health_user388,Health@123388,Health User 388,9527982614
PANCHAYAT,Adichanalloor,Kollam,health_user389,Health@123389,Health User 389,9663865030
PANCHAYAT,Alappad,Kollam,health_user390,Health@123390,Health User 390,9983102914
PANCHAYAT,Alayamon,Kollam,health_user391,Health@123391,Health User 391,9116514205
PANCHAYAT,Anchal,Kollam,health_user392,Health@123392,Health User 392,9740832355
PANCHAYAT,Ariencavu,Kollam,health_user393,Health@123393,Health User 393,9187635215
PANCHAYAT,Chadayamangalam,Kollam,health_user394,Health@123394,Health User 394,9214837753
PANCHAYAT,Chathannur,Kollam,health_user395,Health@123395,Health User 395,9126668169
PANCHAYAT,Chavara,Kollam,health_user396,Health@123396,Health User 396,9711954801
PANCHAYAT,Chirakkara,Kollam,health_user397,Health@123397,Health User 397,9576150888
PANCHAYAT,Chithara,Kollam,health_user398,Health@123398,Health User 398,9187993898
PANCHAYAT,Clappana,Kollam,health_user399,Health@123399,Health User 399,9681152821
PANCHAYAT,Edamulakkal,Kollam,health_user400,Health@123400,Health User 400,9666497445
PANCHAYAT,Elamadu,Kollam,health_user401,Health@123401,Health User 401,9168559389
PANCHAYAT,Elamballur,Kollam,health_user402,Health@123402,Health User 402,9393864126
PANCHAYAT,Eroor,Kollam,health_user403,Health@123403,Health User 403,9312382238
PANCHAYAT,Ezhukone,Kollam,health_user404,Health@123404,Health User 404,9917462906
PANCHAYAT,Ittiva,Kollam,health_user405,Health@123405,Health User 405,9821452211
PANCHAYAT,Kadakkal,Kollam,health_user406,Health@123406,Health User 406,9927260497
PANCHAYAT,Kalluvathukkal,Kollam,health_user407,Health@123407,Health User 407,9829397993
PANCHAYAT,Karavaloor,Kollam,health_user408,Health@123408,Health User 408,9299342673
PANCHAYAT,Kareepra,Kollam,health_user409,Health@123409,Health User 409,9976952254
PANCHAYAT,Kizhakkekallada,Kollam,health_user410,Health@123410,Health User 410,9899441898
PANCHAYAT,Kottamkara,Kollam,health_user411,Health@123411,Health User 411,9706793108
PANCHAYAT,Kulakkada,Kollam,health_user412,Health@123412,Health User 412,9359352973
PANCHAYAT,Kulasekharapuram,Kollam,health_user413,Health@123413,Health User 413,9861897648
PANCHAYAT,Kulathupuzha,Kollam,health_user414,Health@123414,Health User 414,9885915233
PANCHAYAT,Kummil,Kollam,health_user415,Health@123415,Health User 415,9285508539
PANCHAYAT,Kundara,Kollam,health_user416,Health@123416,Health User 416,9955428318
PANCHAYAT,Kunnathur,Kollam,health_user417,Health@123417,Health User 417,9117883795
PANCHAYAT,Mayyanad,Kollam,health_user418,Health@123418,Health User 418,9813139514
PANCHAYAT,Melila,Kollam,health_user419,Health@123419,Health User 419,9390618764
PANCHAYAT,Mundrothuruthu,Kollam,health_user420,Health@123420,Health User 420,9150257774
PANCHAYAT,Mylam,Kollam,health_user421,Health@123421,Health User 421,9382469174
PANCHAYAT,Mynagappally,Kollam,health_user422,Health@123422,Health User 422,9225603289
PANCHAYAT,Nedumpana,Kollam,health_user423,Health@123423,Health User 423,9745232792
PANCHAYAT,Neduvathur,Kollam,health_user424,Health@123424,Health User 424,9111282307
PANCHAYAT,Neendakara,Kollam,health_user425,Health@123425,Health User 425,9574237414
PANCHAYAT,Nilamel,Kollam,health_user426,Health@123426,Health User 426,9364243176
PANCHAYAT,Oachira,Kollam,health_user427,Health@123427,Health User 427,9992293523
PANCHAYAT,Panayam,Kollam,health_user428,Health@123428,Health User 428,9760026235
PANCHAYAT,Panmana,Kollam,health_user429,Health@123429,Health User 429,9144261475
PANCHAYAT,Pathanapuram,Kollam,health_user430,Health@123430,Health User 430,9790793407
PANCHAYAT,Pattazhi,Kollam,health_user431,Health@123431,Health User 431,9252956583
PANCHAYAT,Pattazhi Vadakkekara,Kollam,health_user432,Health@123432,Health User 432,9550347436
PANCHAYAT,Pavithreswaram,Kollam,health_user433,Health@123433,Health User 433,9297792197
PANCHAYAT,Perayam,Kollam,health_user434,Health@123434,Health User 434,9164350253
PANCHAYAT,Perinad,Kollam,health_user435,Health@123435,Health User 435,9194131313
PANCHAYAT,Piravanthur,Kollam,health_user436,Health@123436,Health User 436,9913522196
PANCHAYAT,Poothakkulam,Kollam,health_user437,Health@123437,Health User 437,9889686738
PANCHAYAT,Pooyappally,Kollam,health_user438,Health@123438,Health User 438,9971102150
PANCHAYAT,Poruvazhy,Kollam,health_user439,Health@123439,Health User 439,9712218879
PANCHAYAT,Sasthancotta,Kollam,health_user440,Health@123440,Health User 440,9698996884
PANCHAYAT,Sooranad North,Kollam,health_user441,Health@123441,Health User 441,9276454008
PANCHAYAT,Sooranad South,Kollam,health_user442,Health@123442,Health User 442,9589620965
PANCHAYAT,Thalavoor,Kollam,health_user443,Health@123443,Health User 443,9467080448
PANCHAYAT,Thazhava,Kollam,health_user444,Health@123444,Health User 444,9460557362
PANCHAYAT,Thekkumbhagam,Kollam,health_user445,Health@123445,Health User 445,9355558300
PANCHAYAT,Thenmala,Kollam,health_user446,Health@123446,Health User 446,9553089627
PANCHAYAT,Thevalakkara,Kollam,health_user447,Health@123447,Health User 447,9262805613
PANCHAYAT,Thodiyoor,Kollam,health_user448,Health@123448,Health User 448,9598992624
PANCHAYAT,Thrikkaruva,Kollam,health_user449,Health@123449,Health User 449,9362696491
PANCHAYAT,Thrikkovilvattom,Kollam,health_user450,Health@123450,Health User 450,9454814900
PANCHAYAT,Ummannur,Kollam,health_user451,Health@123451,Health User 451,9110091497
PANCHAYAT,Velinallur,Kollam,health_user452,Health@123452,Health User 452,9723700630
PANCHAYAT,Veliyam,Kollam,health_user453,Health@123453,Health User 453,9854632631
PANCHAYAT,Vettikkavala,Kollam,health_user454,Health@123454,Health User 454,9819040230
PANCHAYAT,Vilakudy,Kollam,health_user455,Health@123455,Health User 455,9600323563
PANCHAYAT,West Kallada,Kollam,health_user456,Health@123456,Health User 456,9328005354
PANCHAYAT,Localbody Name (In English),Kottayam,health_user457,Health@123457,Health User 457,9774278290
PANCHAYAT,Kottayam,Kottayam,health_user458,Health@123458,Health User 458,9217645577
PANCHAYAT,Erattupetta,Kottayam,health_user459,Health@123459,Health User 459,9476840751
PANCHAYAT,Ettumanoor,Kottayam,health_user460,Health@123460,Health User 460,9948193320
PANCHAYAT,Kaduthuruthy,Kottayam,health_user461,Health@123461,Health User 461,9755321537
PANCHAYAT,Kanjirappally,Kottayam,health_user462,Health@123462,Health User 462,9815583322
PANCHAYAT,Lalam,Kottayam,health_user463,Health@123463,Health User 463,9484574722
PANCHAYAT,Madappally,Kottayam,health_user464,Health@123464,Health User 464,9728032362
PANCHAYAT,Pallom,Kottayam,health_user465,Health@123465,Health User 465,9791800349
PANCHAYAT,Pampady,Kottayam,health_user466,Health@123466,Health User 466,9788989319
PANCHAYAT,Uzhavoor,Kottayam,health_user467,Health@123467,Health User 467,9796107209
PANCHAYAT,Vaikom,Kottayam,health_user468,Health@123468,Health User 468,9470874168
PANCHAYAT,Vazhoor,Kottayam,health_user469,Health@123469,Health User 469,9590730369
PANCHAYAT,Akalakunnam,Kottayam,health_user470,Health@123470,Health User 470,9626149893
PANCHAYAT,Arpookara,Kottayam,health_user471,Health@123471,Health User 471,9239828771
PANCHAYAT,Athirampuzha,Kottayam,health_user472,Health@123472,Health User 472,9308051719
PANCHAYAT,Ayarkkunnam,Kottayam,health_user473,Health@123473,Health User 473,9585563070
PANCHAYAT,Aymanam,Kottayam,health_user474,Health@123474,Health User 474,9936628655
PANCHAYAT,Bharananganam,Kottayam,health_user475,Health@123475,Health User 475,9903513833
PANCHAYAT,Chempu,Kottayam,health_user476,Health@123476,Health User 476,9914815034
PANCHAYAT,Chirakkadavu,Kottayam,health_user477,Health@123477,Health User 477,9365504782
PANCHAYAT,Elikulam,Kottayam,health_user478,Health@123478,Health User 478,9508279999
PANCHAYAT,Erumeli,Kottayam,health_user479,Health@123479,Health User 479,9984453997
PANCHAYAT,Kadanad,Kottayam,health_user480,Health@123480,Health User 480,9121449479
PANCHAYAT,Kadaplamattom,Kottayam,health_user481,Health@123481,Health User 481,9823348300
PANCHAYAT,Kaduthuruthy,Kottayam,health_user482,Health@123482,Health User 482,9523357027
PANCHAYAT,Kallara,Kottayam,health_user483,Health@123483,Health User 483,9792165183
PANCHAYAT,Kanakkari,Kottayam,health_user484,Health@123484,Health User 484,9876666379
PANCHAYAT,Kangazha,Kottayam,health_user485,Health@123485,Health User 485,9514854275
PANCHAYAT,Kanjirappally,Kottayam,health_user486,Health@123486,Health User 486,9382096721
PANCHAYAT,Karoor,Kottayam,health_user487,Health@123487,Health User 487,9847367640
PANCHAYAT,Karukachal,Kottayam,health_user488,Health@123488,Health User 488,9128155433
PANCHAYAT,Kidangoor,Kottayam,health_user489,Health@123489,Health User 489,9308866971
PANCHAYAT,Kooroppada,Kottayam,health_user490,Health@123490,Health User 490,9738872898
PANCHAYAT,Koottickal,Kottayam,health_user491,Health@123491,Health User 491,9740802807
PANCHAYAT,Koruthode,Kottayam,health_user492,Health@123492,Health User 492,9216198062
PANCHAYAT,Kozhuvanal,Kottayam,health_user493,Health@123493,Health User 493,9754438966
PANCHAYAT,Kumarakom,Kottayam,health_user494,Health@123494,Health User 494,9231208530
PANCHAYAT,Kuravilangad,Kottayam,health_user495,Health@123495,Health User 495,9859938570
PANCHAYAT,Kurichy,Kottayam,health_user496,Health@123496,Health User 496,9313030418
PANCHAYAT,Madappally,Kottayam,health_user497,Health@123497,Health User 497,9572956712
PANCHAYAT,Manimala,Kottayam,health_user498,Health@123498,Health User 498,9517708181
PANCHAYAT,Manjoor,Kottayam,health_user499,Health@123499,Health User 499,9206197905
PANCHAYAT,Mannarkadu,Kottayam,health_user500,Health@123500,Health User 500,9477160167
PANCHAYAT,Marangattupilly,Kottayam,health_user501,Health@123501,Health User 501,9689645048
PANCHAYAT,Maravanthuruthu,Kottayam,health_user502,Health@123502,Health User 502,9628003034
PANCHAYAT,Meenachil,Kottayam,health_user503,Health@123503,Health User 503,9629299892
PANCHAYAT,Meenadom,Kottayam,health_user504,Health@123504,Health User 504,9366357979
PANCHAYAT,Melukavu,Kottayam,health_user505,Health@123505,Health User 505,9462368032
PANCHAYAT,Moonilavu,Kottayam,health_user506,Health@123506,Health User 506,9605883340
PANCHAYAT,Mulakulam,Kottayam,health_user507,Health@123507,Health User 507,9816017012
PANCHAYAT,Mundakayam,Kottayam,health_user508,Health@123508,Health User 508,9184248815
PANCHAYAT,Mutholy,Kottayam,health_user509,Health@123509,Health User 509,9923174636
PANCHAYAT,Nedumkunnam,Kottayam,health_user510,Health@123510,Health User 510,9962129999
PANCHAYAT,Neendoor,Kottayam,health_user511,Health@123511,Health User 511,9116339037
PANCHAYAT,Njeezhoor,Kottayam,health_user512,Health@123512,Health User 512,9283037004
PANCHAYAT,Paippad,Kottayam,health_user513,Health@123513,Health User 513,9199217287
PANCHAYAT,Pallikkathode,Kottayam,health_user514,Health@123514,Health User 514,9997903545
PANCHAYAT,Pampady,Kottayam,health_user515,Health@123515,Health User 515,9202143616
PANCHAYAT,Panachikkad,Kottayam,health_user516,Health@123516,Health User 516,9881055001
PANCHAYAT,Parathode,Kottayam,health_user517,Health@123517,Health User 517,9737703296
PANCHAYAT,Poonjar,Kottayam,health_user518,Health@123518,Health User 518,9939147519
PANCHAYAT,Poonjar Thekkekara,Kottayam,health_user519,Health@123519,Health User 519,9898636895
PANCHAYAT,Puthuppally,Kottayam,health_user520,Health@123520,Health User 520,9960185804
PANCHAYAT,Ramapuram,Kottayam,health_user521,Health@123521,Health User 521,9371449439
PANCHAYAT,Teekoy,Kottayam,health_user522,Health@123522,Health User 522,9634607308
PANCHAYAT,Thalanad,Kottayam,health_user523,Health@123523,Health User 523,9491892100
PANCHAYAT,Thalappalam,Kottayam,health_user524,Health@123524,Health User 524,9220363963
PANCHAYAT,Thalayazham,Kottayam,health_user525,Health@123525,Health User 525,9786544976
PANCHAYAT,Thalayolaparambu,Kottayam,health_user526,Health@123526,Health User 526,9115816854
PANCHAYAT,Thidanad,Kottayam,health_user527,Health@123527,Health User 527,9294663037
PANCHAYAT,Thiruvarpu,Kottayam,health_user528,Health@123528,Health User 528,9144943414
PANCHAYAT,Thrikkodithanam,Kottayam,health_user529,Health@123529,Health User 529,9117293828
PANCHAYAT,Tv Puram,Kottayam,health_user530,Health@123530,Health User 530,9521078211
PANCHAYAT,Udayanapuram,Kottayam,health_user531,Health@123531,Health User 531,9264600550
PANCHAYAT,Uzhavoor,Kottayam,health_user532,Health@123532,Health User 532,9525492471
PANCHAYAT,Vakathanam,Kottayam,health_user533,Health@123533,Health User 533,9985039271
PANCHAYAT,Vazhappally,Kottayam,health_user534,Health@123534,Health User 534,9292860920
PANCHAYAT,Vazhoor,Kottayam,health_user535,Health@123535,Health User 535,9300677871
PANCHAYAT,Vechoor,Kottayam,health_user536,Health@123536,Health User 536,9662592169
PANCHAYAT,Veliyannoor,Kottayam,health_user537,Health@123537,Health User 537,9540756381
PANCHAYAT,Vellavoor,Kottayam,health_user538,Health@123538,Health User 538,9485575733
PANCHAYAT,Velloor,Kottayam,health_user539,Health@123539,Health User 539,9660635369
PANCHAYAT,Vijayapuram,Kottayam,health_user540,Health@123540,Health User 540,9666619348
PANCHAYAT,Kozhikode,Kozhikode,health_user541,Health@123541,Health User 541,9750671474
PANCHAYAT,Balusseri,Kozhikode,health_user542,Health@123542,Health User 542,9437363762
PANCHAYAT,Chelannur,Kozhikode,health_user543,Health@123543,Health User 543,9532016717
PANCHAYAT,Koduvally,Kozhikode,health_user544,Health@123544,Health User 544,9761433643
PANCHAYAT,Kozhikode,Kozhikode,health_user545,Health@123545,Health User 545,9863080160
PANCHAYAT,Kunnamangalam,Kozhikode,health_user546,Health@123546,Health User 546,9245099784
PANCHAYAT,Kunnummal,Kozhikode,health_user547,Health@123547,Health User 547,9811041031
PANCHAYAT,Melday,Kozhikode,health_user548,Health@123548,Health User 548,9680141939
PANCHAYAT,Panthalayani,Kozhikode,health_user549,Health@123549,Health User 549,9443079795
PANCHAYAT,Perambra,Kozhikode,health_user550,Health@123550,Health User 550,9148840155
PANCHAYAT,Thodannur,Kozhikode,health_user551,Health@123551,Health User 551,9352058594
PANCHAYAT,Thuneri,Kozhikode,health_user552,Health@123552,Health User 552,9237007520
PANCHAYAT,Vadakara,Kozhikode,health_user553,Health@123553,Health User 553,9785636267
PANCHAYAT,Arikulam,Kozhikode,health_user554,Health@123554,Health User 554,9779091485
PANCHAYAT,Atholi,Kozhikode,health_user555,Health@123555,Health User 555,9419142604
PANCHAYAT,Ayancheri,Kozhikode,health_user556,Health@123556,Health User 556,9530800703
PANCHAYAT,Azhiyur,Kozhikode,health_user557,Health@123557,Health User 557,9190476010
PANCHAYAT,Balusseri,Kozhikode,health_user558,Health@123558,Health User 558,9343792321
PANCHAYAT,Chakittapara,Kozhikode,health_user559,Health@123559,Health User 559,9424664202
PANCHAYAT,Changaroth,Kozhikode,health_user560,Health@123560,Health User 560,9442386156
PANCHAYAT,Chathamangalam,Kozhikode,health_user561,Health@123561,Health User 561,9790961775
PANCHAYAT,Chekkiad,Kozhikode,health_user562,Health@123562,Health User 562,9280269597
PANCHAYAT,Chelannur,Kozhikode,health_user563,Health@123563,Health User 563,9613111077
PANCHAYAT,Chemanachery,Kozhikode,health_user564,Health@123564,Health User 564,9192355369
PANCHAYAT,Chengottukavu,Kozhikode,health_user565,Health@123565,Health User 565,9450369069
PANCHAYAT,Cheruvannur,Kozhikode,health_user566,Health@123566,Health User 566,9847055075
PANCHAYAT,Chorode,Kozhikode,health_user567,Health@123567,Health User 567,9930682582
PANCHAYAT,Edacheri,Kozhikode,health_user568,Health@123568,Health User 568,9332317013
PANCHAYAT,Eramala,Kozhikode,health_user569,Health@123569,Health User 569,9553286736
PANCHAYAT,Kadalundi,Kozhikode,health_user570,Health@123570,Health User 570,9406648285
PANCHAYAT,Kakkodi,Kozhikode,health_user571,Health@123571,Health User 571,9706034568
PANCHAYAT,Kakkur,Kozhikode,health_user572,Health@123572,Health User 572,9635947741
PANCHAYAT,Karasseri,Kozhikode,health_user573,Health@123573,Health User 573,9812405094
PANCHAYAT,Kattippara,Kozhikode,health_user574,Health@123574,Health User 574,9269357460
PANCHAYAT,Kavilumpara,Kozhikode,health_user575,Health@123575,Health User 575,9305114006
PANCHAYAT,Kayakkodi,Kozhikode,health_user576,Health@123576,Health User 576,9885023843
PANCHAYAT,Kayanna,Kozhikode,health_user577,Health@123577,Health User 577,9641672631
PANCHAYAT,Keezhariyur,Kozhikode,health_user578,Health@123578,Health User 578,9206070391
PANCHAYAT,Kizhakkoth,Kozhikode,health_user579,Health@123579,Health User 579,9999027232
PANCHAYAT,Kodencheri,Kozhikode,health_user580,Health@123580,Health User 580,9757984805
PANCHAYAT,Kodiyathur,Kozhikode,health_user581,Health@123581,Health User 581,9380769325
PANCHAYAT,Koodaranji,Kozhikode,health_user582,Health@123582,Health User 582,9230301996
PANCHAYAT,Koorachundu,Kozhikode,health_user583,Health@123583,Health User 583,9465199320
PANCHAYAT,Koothali,Kozhikode,health_user584,Health@123584,Health User 584,9270446504
PANCHAYAT,Kottur,Kozhikode,health_user585,Health@123585,Health User 585,9413340889
PANCHAYAT,Kunnamangalam,Kozhikode,health_user586,Health@123586,Health User 586,9110954361
PANCHAYAT,Kunnumal,Kozhikode,health_user587,Health@123587,Health User 587,9844840203
PANCHAYAT,Kuruvattur,Kozhikode,health_user588,Health@123588,Health User 588,9246585792
PANCHAYAT,Kuttiadi,Kozhikode,health_user589,Health@123589,Health User 589,9272483473
PANCHAYAT,Madavoor,Kozhikode,health_user590,Health@123590,Health User 590,9890840298
PANCHAYAT,Maniyur,Kozhikode,health_user591,Health@123591,Health User 591,9828262517
PANCHAYAT,Maruthomkara,Kozhikode,health_user592,Health@123592,Health User 592,9369997823
PANCHAYAT,Mavoor,Kozhikode,health_user593,Health@123593,Health User 593,9909423963
PANCHAYAT,Meppayur,Kozhikode,health_user594,Health@123594,Health User 594,9510922417
PANCHAYAT,Moodadi,Kozhikode,health_user595,Health@123595,Health User 595,9759533957
PANCHAYAT,Nadapuram,Kozhikode,health_user596,Health@123596,Health User 596,9991789070
PANCHAYAT,Naduvannur,Kozhikode,health_user597,Health@123597,Health User 597,9709833578
PANCHAYAT,Nanmanda,Kozhikode,health_user598,Health@123598,Health User 598,9677961895
PANCHAYAT,Narikunni,Kozhikode,health_user599,Health@123599,Health User 599,9838846641
PANCHAYAT,Naripetta,Kozhikode,health_user600,Health@123600,Health User 600,9182084716
PANCHAYAT,Nochad,Kozhikode,health_user601,Health@123601,Health User 601,9461598928
PANCHAYAT,Olavanna,Kozhikode,health_user602,Health@123602,Health User 602,9330841944
PANCHAYAT,Omassery,Kozhikode,health_user603,Health@123603,Health User 603,9242175109
PANCHAYAT,Onchiyam,Kozhikode,health_user604,Health@123604,Health User 604,9729092511
PANCHAYAT,Panangad,Kozhikode,health_user605,Health@123605,Health User 605,9561236528
PANCHAYAT,Perambra,Kozhikode,health_user606,Health@123606,Health User 606,9817673735
PANCHAYAT,Perumanna,Kozhikode,health_user607,Health@123607,Health User 607,9168697940
PANCHAYAT,Peruvayal,Kozhikode,health_user608,Health@123608,Health User 608,9649743154
PANCHAYAT,Purameri,Kozhikode,health_user609,Health@123609,Health User 609,9218594845
PANCHAYAT,Puthuppady,Kozhikode,health_user610,Health@123610,Health User 610,9270793455
PANCHAYAT,Thalakulathur,Kozhikode,health_user611,Health@123611,Health User 611,9392029132
PANCHAYAT,Thamarasseri,Kozhikode,health_user612,Health@123612,Health User 612,9364977876
PANCHAYAT,Thikkodi,Kozhikode,health_user613,Health@123613,Health User 613,9130569858
PANCHAYAT,Thiruvallur,Kozhikode,health_user614,Health@123614,Health User 614,9867976918
PANCHAYAT,Thiruvambadi,Kozhikode,health_user615,Health@123615,Health User 615,9665428276
PANCHAYAT,Thuneri,Kozhikode,health_user616,Health@123616,Health User 616,9271070711
PANCHAYAT,Thurayur,Kozhikode,health_user617,Health@123617,Health User 617,9500448161
PANCHAYAT,Uliyeri,Kozhikode,health_user618,Health@123618,Health User 618,9715036662
PANCHAYAT,Unnikulum,Kozhikode,health_user619,Health@123619,Health User 619,9329787263
PANCHAYAT,Valayam,Kozhikode,health_user620,Health@123620,Health User 620,9361409672
PANCHAYAT,Vanimel,Kozhikode,health_user621,Health@123621,Health User 621,9783797038
PANCHAYAT,Velom,Kozhikode,health_user622,Health@123622,Health User 622,9172229739
PANCHAYAT,Villiyappally,Kozhikode,health_user623,Health@123623,Health User 623,9299358114
PANCHAYAT,Localbody Name (In English),Malappuram,health_user624,Health@123624,Health User 624,9599446623
PANCHAYAT,Malappuram,Malappuram,health_user625,Health@123625,Health User 625,9266665603
PANCHAYAT,Areakode,Malappuram,health_user626,Health@123626,Health User 626,9368840128
PANCHAYAT,Kalikavu,Malappuram,health_user627,Health@123627,Health User 627,9640648544
PANCHAYAT,Kondotty,Malappuram,health_user628,Health@123628,Health User 628,9963468257
PANCHAYAT,Kuttippuram,Malappuram,health_user629,Health@123629,Health User 629,9662425541
PANCHAYAT,Malappuram,Malappuram,health_user630,Health@123630,Health User 630,9179006263
PANCHAYAT,Mankada,Malappuram,health_user631,Health@123631,Health User 631,9932597923
PANCHAYAT,Nilambur,Malappuram,health_user632,Health@123632,Health User 632,9461416491
PANCHAYAT,Perinthalmanna,Malappuram,health_user633,Health@123633,Health User 633,9817560229
PANCHAYAT,Perumpadappu,Malappuram,health_user634,Health@123634,Health User 634,9788166972
PANCHAYAT,Ponnani,Malappuram,health_user635,Health@123635,Health User 635,9297730655
PANCHAYAT,Tanur,Malappuram,health_user636,Health@123636,Health User 636,9603171048
PANCHAYAT,Tirur,Malappuram,health_user637,Health@123637,Health User 637,9304810919
PANCHAYAT,Tirurangadi,Malappuram,health_user638,Health@123638,Health User 638,9605678988
PANCHAYAT,Vengara,Malappuram,health_user639,Health@123639,Health User 639,9256641584
PANCHAYAT,Wandoor,Malappuram,health_user640,Health@123640,Health User 640,9778289298
PANCHAYAT,Abdul Rahiman Nagar,Malappuram,health_user641,Health@123641,Health User 641,9769773986
PANCHAYAT,Alamcode,Malappuram,health_user642,Health@123642,Health User 642,9537049369
PANCHAYAT,Aliparamba,Malappuram,health_user643,Health@123643,Health User 643,9354158709
PANCHAYAT,Amarambalam,Malappuram,health_user644,Health@123644,Health User 644,9966917171
PANCHAYAT,Anakkayam,Malappuram,health_user645,Health@123645,Health User 645,9935205174
PANCHAYAT,Angadipuram,Malappuram,health_user646,Health@123646,Health User 646,9635559751
PANCHAYAT,Areekode,Malappuram,health_user647,Health@123647,Health User 647,9476014365
PANCHAYAT,Athavanad,Malappuram,health_user648,Health@123648,Health User 648,9187577051
PANCHAYAT,Chaliyar,Malappuram,health_user649,Health@123649,Health User 649,9114454610
PANCHAYAT,Chekkode,Malappuram,health_user650,Health@123650,Health User 650,9423754785
PANCHAYAT,Chelambra,Malappuram,health_user651,Health@123651,Health User 651,9320670272
PANCHAYAT,Cheriyamundam,Malappuram,health_user652,Health@123652,Health User 652,9797186733
PANCHAYAT,Cherukavu,Malappuram,health_user653,Health@123653,Health User 653,9257650759
PANCHAYAT,Chokkad,Malappuram,health_user654,Health@123654,Health User 654,9693483839
PANCHAYAT,Chungathara,Malappuram,health_user655,Health@123655,Health User 655,9911411038
PANCHAYAT,Edakkara,Malappuram,health_user656,Health@123656,Health User 656,9309481315
PANCHAYAT,Edappal,Malappuram,health_user657,Health@123657,Health User 657,9367695107
PANCHAYAT,Edappatta,Malappuram,health_user658,Health@123658,Health User 658,9133138379
PANCHAYAT,Edarikode,Malappuram,health_user659,Health@123659,Health User 659,9682614343
PANCHAYAT,Edavanna,Malappuram,health_user660,Health@123660,Health User 660,9707329254
PANCHAYAT,Edayoor,Malappuram,health_user661,Health@123661,Health User 661,9178714270
PANCHAYAT,Elamkulam,Malappuram,health_user662,Health@123662,Health User 662,9297340618
PANCHAYAT,Irimbilayam,Malappuram,health_user663,Health@123663,Health User 663,9416499387
PANCHAYAT,Kalady,Malappuram,health_user664,Health@123664,Health User 664,9754548162
PANCHAYAT,Kalikavu,Malappuram,health_user665,Health@123665,Health User 665,9126556612
PANCHAYAT,Kalpakancheri,Malappuram,health_user666,Health@123666,Health User 666,9434466814
PANCHAYAT,Kannamangalam,Malappuram,health_user667,Health@123667,Health User 667,9438621354
PANCHAYAT,Karulai,Malappuram,health_user668,Health@123668,Health User 668,9590170785
PANCHAYAT,Karuvarakundu,Malappuram,health_user669,Health@123669,Health User 669,9503888755
PANCHAYAT,Kavannur,Malappuram,health_user670,Health@123670,Health User 670,9787655096
PANCHAYAT,Keezhattur,Malappuram,health_user671,Health@123671,Health User 671,9223240844
PANCHAYAT,Kizhuparamba,Malappuram,health_user672,Health@123672,Health User 672,9270899918
PANCHAYAT,Kodur,Malappuram,health_user673,Health@123673,Health User 673,9157411476
PANCHAYAT,Koottilangadi,Malappuram,health_user674,Health@123674,Health User 674,9782467506
PANCHAYAT,Kuruva,Malappuram,health_user675,Health@123675,Health User 675,9346350828
PANCHAYAT,Kuttippuram,Malappuram,health_user676,Health@123676,Health User 676,9243481524
PANCHAYAT,Kuzhimanna,Malappuram,health_user677,Health@123677,Health User 677,9217472340
PANCHAYAT,Makkaraparamba,Malappuram,health_user678,Health@123678,Health User 678,9248112565
PANCHAYAT,Mambad,Malappuram,health_user679,Health@123679,Health User 679,9196089992
PANCHAYAT,Mangalam,Malappuram,health_user680,Health@123680,Health User 680,9309097496
PANCHAYAT,Mankada,Malappuram,health_user681,Health@123681,Health User 681,9893489761
PANCHAYAT,Marakkara,Malappuram,health_user682,Health@123682,Health User 682,9880252833
PANCHAYAT,Marancheri,Malappuram,health_user683,Health@123683,Health User 683,9385157794
PANCHAYAT,Melattur,Malappuram,health_user684,Health@123684,Health User 684,9616203245
PANCHAYAT,Moonniyur,Malappuram,health_user685,Health@123685,Health User 685,9682333087
PANCHAYAT,Moorkkanad,Malappuram,health_user686,Health@123686,Health User 686,9596876818
PANCHAYAT,Moothadem,Malappuram,health_user687,Health@123687,Health User 687,9945685638
PANCHAYAT,Morayur,Malappuram,health_user688,Health@123688,Health User 688,9614437469
PANCHAYAT,Muduvalur,Malappuram,health_user689,Health@123689,Health User 689,9674622949
PANCHAYAT,Nannambra,Malappuram,health_user690,Health@123690,Health User 690,9340220875
PANCHAYAT,Nannamukku,Malappuram,health_user691,Health@123691,Health User 691,9888450113
PANCHAYAT,Niramaruthoor,Malappuram,health_user692,Health@123692,Health User 692,9349920605
PANCHAYAT,Othukkungal,Malappuram,health_user693,Health@123693,Health User 693,9300012554
PANCHAYAT,Ozhur,Malappuram,health_user694,Health@123694,Health User 694,9235317383
PANCHAYAT,Pallikkal,Malappuram,health_user695,Health@123695,Health User 695,9866243657
PANCHAYAT,Pandikkad,Malappuram,health_user696,Health@123696,Health User 696,9403624884
PANCHAYAT,Parappur,Malappuram,health_user697,Health@123697,Health User 697,9720007811
PANCHAYAT,Perumannaklari,Malappuram,health_user698,Health@123698,Health User 698,9741200260
PANCHAYAT,Perumpadappa,Malappuram,health_user699,Health@123699,Health User 699,9976411116
PANCHAYAT,Peruvallur,Malappuram,health_user700,Health@123700,Health User 700,9445592780
PANCHAYAT,Ponmala,Malappuram,health_user701,Health@123701,Health User 701,9533468907
PANCHAYAT,Ponmundam,Malappuram,health_user702,Health@123702,Health User 702,9279775656
PANCHAYAT,Pookkottur,Malappuram,health_user703,Health@123703,Health User 703,9774960298
PANCHAYAT,Porur,Malappuram,health_user704,Health@123704,Health User 704,9610104622
PANCHAYAT,Pothukkal,Malappuram,health_user705,Health@123705,Health User 705,9113571640
PANCHAYAT,Pulamanthole,Malappuram,health_user706,Health@123706,Health User 706,9771314693
PANCHAYAT,Pulikkal,Malappuram,health_user707,Health@123707,Health User 707,9655798762
PANCHAYAT,Pulpatta,Malappuram,health_user708,Health@123708,Health User 708,9990298904
PANCHAYAT,Purathur,Malappuram,health_user709,Health@123709,Health User 709,9355206137
PANCHAYAT,Puzhakkattiri,Malappuram,health_user710,Health@123710,Health User 710,9731411609
PANCHAYAT,Tanalur,Malappuram,health_user711,Health@123711,Health User 711,9362292113
PANCHAYAT,Tavanur,Malappuram,health_user712,Health@123712,Health User 712,9341384728
PANCHAYAT,Thalakkad,Malappuram,health_user713,Health@123713,Health User 713,9584861014
PANCHAYAT,Thazhekode,Malappuram,health_user714,Health@123714,Health User 714,9326366673
PANCHAYAT,Thenhippalam,Malappuram,health_user715,Health@123715,Health User 715,9119506252
PANCHAYAT,Thennala,Malappuram,health_user716,Health@123716,Health User 716,9579921454
PANCHAYAT,Thirunavaya,Malappuram,health_user717,Health@123717,Health User 717,9658967450
PANCHAYAT,Thiruvali,Malappuram,health_user718,Health@123718,Health User 718,9144891470
PANCHAYAT,Thuvvur,Malappuram,health_user719,Health@123719,Health User 719,9480286886
PANCHAYAT,Trikkalangode,Malappuram,health_user720,Health@123720,Health User 720,9292357832
PANCHAYAT,Triprangode,Malappuram,health_user721,Health@123721,Health User 721,9268664725
PANCHAYAT,Urakam,Malappuram,health_user722,Health@123722,Health User 722,9841924001
PANCHAYAT,Urungattiri,Malappuram,health_user723,Health@123723,Health User 723,9131047225
PANCHAYAT,Valavannur,Malappuram,health_user724,Health@123724,Health User 724,9831740503
PANCHAYAT,Vallikkunnu,Malappuram,health_user725,Health@123725,Health User 725,9445775660
PANCHAYAT,Vattamkulam,Malappuram,health_user726,Health@123726,Health User 726,9964343979
PANCHAYAT,Vazhakkad,Malappuram,health_user727,Health@123727,Health User 727,9622926994
PANCHAYAT,Vazhayur,Malappuram,health_user728,Health@123728,Health User 728,9905201782
PANCHAYAT,Vazhikkadavu,Malappuram,health_user729,Health@123729,Health User 729,9530598070
PANCHAYAT,Veliyancode,Malappuram,health_user730,Health@123730,Health User 730,9241696064
PANCHAYAT,Vengara,Malappuram,health_user731,Health@123731,Health User 731,9832839473
PANCHAYAT,Vettathur,Malappuram,health_user732,Health@123732,Health User 732,9479873458
PANCHAYAT,Vettom,Malappuram,health_user733,Health@123733,Health User 733,9103852298
PANCHAYAT,Wandoor,Malappuram,health_user734,Health@123734,Health User 734,9419982246
PANCHAYAT,Localbody Name (In English),Palakkad,health_user735,Health@123735,Health User 735,9477729564
PANCHAYAT,Palakkad,Palakkad,health_user736,Health@123736,Health User 736,9377126647
PANCHAYAT,Alathur,Palakkad,health_user737,Health@123737,Health User 737,9235437526
PANCHAYAT,Attappadi,Palakkad,health_user738,Health@123738,Health User 738,9691991845
PANCHAYAT,Chittur,Palakkad,health_user739,Health@123739,Health User 739,9631355018
PANCHAYAT,Kollengode,Palakkad,health_user740,Health@123740,Health User 740,9948357487
PANCHAYAT,Kuzhalmannam,Palakkad,health_user741,Health@123741,Health User 741,9962997970
PANCHAYAT,Malampuzha,Palakkad,health_user742,Health@123742,Health User 742,9688693671
PANCHAYAT,Mannarkad,Palakkad,health_user743,Health@123743,Health User 743,9251405637
PANCHAYAT,Nemmara,Palakkad,health_user744,Health@123744,Health User 744,9238159325
PANCHAYAT,Ottappalam,Palakkad,health_user745,Health@123745,Health User 745,9362147886
PANCHAYAT,Palakkad,Palakkad,health_user746,Health@123746,Health User 746,9292359008
PANCHAYAT,Pattambi,Palakkad,health_user747,Health@123747,Health User 747,9269947053
PANCHAYAT,Sreekrishnapuram,Palakkad,health_user748,Health@123748,Health User 748,9796813599
PANCHAYAT,Trithala,Palakkad,health_user749,Health@123749,Health User 749,9707279815
PANCHAYAT,Agali,Palakkad,health_user750,Health@123750,Health User 750,9214433107
PANCHAYAT,Akathethara,Palakkad,health_user751,Health@123751,Health User 751,9681280796
PANCHAYAT,Alanallur,Palakkad,health_user752,Health@123752,Health User 752,9365675825
PANCHAYAT,Alathur,Palakkad,health_user753,Health@123753,Health User 753,9635705427
PANCHAYAT,Ambalapara,Palakkad,health_user754,Health@123754,Health User 754,9310670129
PANCHAYAT,Anakkara,Palakkad,health_user755,Health@123755,Health User 755,9340955570
PANCHAYAT,Ananganadi,Palakkad,health_user756,Health@123756,Health User 756,9581368254
PANCHAYAT,Ayiloor,Palakkad,health_user757,Health@123757,Health User 757,9702470813
PANCHAYAT,Chalavara,Palakkad,health_user758,Health@123758,Health User 758,9573685257
PANCHAYAT,Chalisseri,Palakkad,health_user759,Health@123759,Health User 759,9934036676
PANCHAYAT,Elappully,Palakkad,health_user760,Health@123760,Health User 760,9700587475
PANCHAYAT,Elavancherry,Palakkad,health_user761,Health@123761,Health User 761,9221760941
PANCHAYAT,Erimayur,Palakkad,health_user762,Health@123762,Health User 762,9952861530
PANCHAYAT,Eruthampathy,Palakkad,health_user763,Health@123763,Health User 763,9646125635
PANCHAYAT,Kadampazhipuram,Palakkad,health_user764,Health@123764,Health User 764,9969217921
PANCHAYAT,Kanjirampuzha,Palakkad,health_user765,Health@123765,Health User 765,9176596917
PANCHAYAT,Kannadi,Palakkad,health_user766,Health@123766,Health User 766,9415715258
PANCHAYAT,Kannambara,Palakkad,health_user767,Health@123767,Health User 767,9103252756
PANCHAYAT,Kappur,Palakkad,health_user768,Health@123768,Health User 768,9195107450
PANCHAYAT,Karakurissi,Palakkad,health_user769,Health@123769,Health User 769,9129131432
PANCHAYAT,Karimba,Palakkad,health_user770,Health@123770,Health User 770,9640057700
PANCHAYAT,Karimpuzha,Palakkad,health_user771,Health@123771,Health User 771,9110207304
PANCHAYAT,Kavasery,Palakkad,health_user772,Health@123772,Health User 772,9236035195
PANCHAYAT,Keralassery,Palakkad,health_user773,Health@123773,Health User 773,9728151723
PANCHAYAT,Kizhakkancherry,Palakkad,health_user774,Health@123774,Health User 774,9329370936
PANCHAYAT,Kodumba,Palakkad,health_user775,Health@123775,Health User 775,9703696510
PANCHAYAT,Koduvayur,Palakkad,health_user776,Health@123776,Health User 776,9832913861
PANCHAYAT,Kollengode,Palakkad,health_user777,Health@123777,Health User 777,9205159186
PANCHAYAT,Kongad,Palakkad,health_user778,Health@123778,Health User 778,9826121247
PANCHAYAT,Koppam,Palakkad,health_user779,Health@123779,Health User 779,9549809633
PANCHAYAT,Kottappadam,Palakkad,health_user780,Health@123780,Health User 780,9891978627
PANCHAYAT,Kottayi,Palakkad,health_user781,Health@123781,Health User 781,9882053963
PANCHAYAT,Kozhinjampara,Palakkad,health_user782,Health@123782,Health User 782,9137702720
PANCHAYAT,Kulukkallur,Palakkad,health_user783,Health@123783,Health User 783,9320006148
PANCHAYAT,Kumaramputhur,Palakkad,health_user784,Health@123784,Health User 784,9717491476
PANCHAYAT,Kuthanoor,Palakkad,health_user785,Health@123785,Health User 785,9544977362
PANCHAYAT,Kuzhalmannam,Palakkad,health_user786,Health@123786,Health User 786,9306652682
PANCHAYAT,Lakkidiperur,Palakkad,health_user787,Health@123787,Health User 787,9707128972
PANCHAYAT,Malampuzha,Palakkad,health_user788,Health@123788,Health User 788,9126743031
PANCHAYAT,Mankara,Palakkad,health_user789,Health@123789,Health User 789,9912031285
PANCHAYAT,Mannur,Palakkad,health_user790,Health@123790,Health User 790,9579074459
PANCHAYAT,Marutharode,Palakkad,health_user791,Health@123791,Health User 791,9498149916
PANCHAYAT,Mathur,Palakkad,health_user792,Health@123792,Health User 792,9737918294
PANCHAYAT,Melarcode,Palakkad,health_user793,Health@123793,Health User 793,9430159312
PANCHAYAT,Mundur,Palakkad,health_user794,Health@123794,Health User 794,9914174689
PANCHAYAT,Muthalamada,Palakkad,health_user795,Health@123795,Health User 795,9297821982
PANCHAYAT,Muthuthala,Palakkad,health_user796,Health@123796,Health User 796,9613098429
PANCHAYAT,Nagalassery,Palakkad,health_user797,Health@123797,Health User 797,9334269136
PANCHAYAT,Nalleppilly,Palakkad,health_user798,Health@123798,Health User 798,9339158851
PANCHAYAT,Nellaya,Palakkad,health_user799,Health@123799,Health User 799,9566308548
PANCHAYAT,Nelliampathy,Palakkad,health_user800,Health@123800,Health User 800,9633693294
PANCHAYAT,Nemmara,Palakkad,health_user801,Health@123801,Health User 801,9170672666
PANCHAYAT,Ongallur,Palakkad,health_user802,Health@123802,Health User 802,9262005600
PANCHAYAT,Pallassana,Palakkad,health_user803,Health@123803,Health User 803,9637768447
PANCHAYAT,Parli,Palakkad,health_user804,Health@123804,Health User 804,9741879658
PANCHAYAT,Parudur,Palakkad,health_user805,Health@123805,Health User 805,9558300066
PANCHAYAT,Pattencherry,Palakkad,health_user806,Health@123806,Health User 806,9290952521
PANCHAYAT,Pattithara,Palakkad,health_user807,Health@123807,Health User 807,9561346442
PANCHAYAT,Peringottukurissi,Palakkad,health_user808,Health@123808,Health User 808,9806398119
PANCHAYAT,Perumatty,Palakkad,health_user809,Health@123809,Health User 809,9845559668
PANCHAYAT,Peruvemba,Palakkad,health_user810,Health@123810,Health User 810,9544693476
PANCHAYAT,Pirayari,Palakkad,health_user811,Health@123811,Health User 811,9649779131
PANCHAYAT,Polpully,Palakkad,health_user812,Health@123812,Health User 812,9767099723
PANCHAYAT,Pookkottukavu,Palakkad,health_user813,Health@123813,Health User 813,9203410897
PANCHAYAT,Puducode,Palakkad,health_user814,Health@123814,Health User 814,9887787874
PANCHAYAT,Puduppariyaram,Palakkad,health_user815,Health@123815,Health User 815,9120497078
PANCHAYAT,Pudur,Palakkad,health_user816,Health@123816,Health User 816,9497801084
PANCHAYAT,Pudusseri,Palakkad,health_user817,Health@123817,Health User 817,9159621124
PANCHAYAT,Puthunagaram,Palakkad,health_user818,Health@123818,Health User 818,9248046965
PANCHAYAT,Sholayar,Palakkad,health_user819,Health@123819,Health User 819,9538522549
PANCHAYAT,Sreekrishnapuram,Palakkad,health_user820,Health@123820,Health User 820,9165994984
PANCHAYAT,Tachampara,Palakkad,health_user821,Health@123821,Health User 821,9526688010
PANCHAYAT,Tarur,Palakkad,health_user822,Health@123822,Health User 822,9654259593
PANCHAYAT,Thachanattukara,Palakkad,health_user823,Health@123823,Health User 823,9161537245
PANCHAYAT,Thenkara,Palakkad,health_user824,Health@123824,Health User 824,9197027156
PANCHAYAT,Thenkurissi,Palakkad,health_user825,Health@123825,Health User 825,9857719857
PANCHAYAT,Thirumittacode,Palakkad,health_user826,Health@123826,Health User 826,9929178251
PANCHAYAT,Thiruvegapuram,Palakkad,health_user827,Health@123827,Health User 827,9802292107
PANCHAYAT,Thrikkadeeri,Palakkad,health_user828,Health@123828,Health User 828,9759841230
PANCHAYAT,Thrithala,Palakkad,health_user829,Health@123829,Health User 829,9123394516
PANCHAYAT,Vadakarapathy,Palakkad,health_user830,Health@123830,Health User 830,9640176713
PANCHAYAT,Vadakkancheri,Palakkad,health_user831,Health@123831,Health User 831,9865578444
PANCHAYAT,Vadavannur,Palakkad,health_user832,Health@123832,Health User 832,9922933775
PANCHAYAT,Vallapuzha,Palakkad,health_user833,Health@123833,Health User 833,9897726057
PANCHAYAT,Vandazhy,Palakkad,health_user834,Health@123834,Health User 834,9503935547
PANCHAYAT,Vaniamkulam,Palakkad,health_user835,Health@123835,Health User 835,9572011091
PANCHAYAT,Vellinezhi,Palakkad,health_user836,Health@123836,Health User 836,9647336989
PANCHAYAT,Vilayur,Palakkad,health_user837,Health@123837,Health User 837,9738020277
PANCHAYAT,Localbody Name (In English),Pathanamthitta,health_user838,Health@123838,Health User 838,9677890083
PANCHAYAT,Pathanamthitta,Pathanamthitta,health_user839,Health@123839,Health User 839,9797972011
PANCHAYAT,Elanthoor,Pathanamthitta,health_user840,Health@123840,Health User 840,9228073607
PANCHAYAT,Koipuram,Pathanamthitta,health_user841,Health@123841,Health User 841,9785732074
PANCHAYAT,Konni,Pathanamthitta,health_user842,Health@123842,Health User 842,9477942946
PANCHAYAT,Mallappally,Pathanamthitta,health_user843,Health@123843,Health User 843,9108726442
PANCHAYAT,Pandlam,Pathanamthitta,health_user844,Health@123844,Health User 844,9978756307
PANCHAYAT,Parakode,Pathanamthitta,health_user845,Health@123845,Health User 845,9475767621
PANCHAYAT,Pulikeezhu,Pathanamthitta,health_user846,Health@123846,Health User 846,9847569209
PANCHAYAT,Ranni,Pathanamthitta,health_user847,Health@123847,Health User 847,9635318303
PANCHAYAT,Anicadu,Pathanamthitta,health_user848,Health@123848,Health User 848,9505491714
PANCHAYAT,Aranmula,Pathanamthitta,health_user849,Health@123849,Health User 849,9754999083
PANCHAYAT,Aruvapulam,Pathanamthitta,health_user850,Health@123850,Health User 850,9496089942
PANCHAYAT,Ayiroor,Pathanamthitta,health_user851,Health@123851,Health User 851,9244026917
PANCHAYAT,Chenneerkara,Pathanamthitta,health_user852,Health@123852,Health User 852,9569390508
PANCHAYAT,Cherukole,Pathanamthitta,health_user853,Health@123853,Health User 853,9202912946
PANCHAYAT,Chittar,Pathanamthitta,health_user854,Health@123854,Health User 854,9182506031
PANCHAYAT,Elanthoor,Pathanamthitta,health_user855,Health@123855,Health User 855,9778842094
PANCHAYAT,Enadimangalam,Pathanamthitta,health_user856,Health@123856,Health User 856,9996393969
PANCHAYAT,Erathu,Pathanamthitta,health_user857,Health@123857,Health User 857,9833027052
PANCHAYAT,Eraviperoor,Pathanamthitta,health_user858,Health@123858,Health User 858,9982297802
PANCHAYAT,Ezhamkulam,Pathanamthitta,health_user859,Health@123859,Health User 859,9928396738
PANCHAYAT,Ezhumattoor,Pathanamthitta,health_user860,Health@123860,Health User 860,9746037137
PANCHAYAT,Kadampanadu,Pathanamthitta,health_user861,Health@123861,Health User 861,9112054036
PANCHAYAT,Kadapra,Pathanamthitta,health_user862,Health@123862,Health User 862,9938163956
PANCHAYAT,Kalanjoor,Pathanamthitta,health_user863,Health@123863,Health User 863,9369303093
PANCHAYAT,Kallooppara,Pathanamthitta,health_user864,Health@123864,Health User 864,9172538928
PANCHAYAT,Kaviyoor,Pathanamthitta,health_user865,Health@123865,Health User 865,9236041981
PANCHAYAT,Kodumon,Pathanamthitta,health_user866,Health@123866,Health User 866,9419854292
PANCHAYAT,Koipuram,Pathanamthitta,health_user867,Health@123867,Health User 867,9254880379
PANCHAYAT,Konni,Pathanamthitta,health_user868,Health@123868,Health User 868,9690801935
PANCHAYAT,Kottanadu,Pathanamthitta,health_user869,Health@123869,Health User 869,9131010127
PANCHAYAT,Kottangal,Pathanamthitta,health_user870,Health@123870,Health User 870,9534549883
PANCHAYAT,Kozhencherry,Pathanamthitta,health_user871,Health@123871,Health User 871,9982557169
PANCHAYAT,Kulanada,Pathanamthitta,health_user872,Health@123872,Health User 872,9513211046
PANCHAYAT,Kunnathanam,Pathanamthitta,health_user873,Health@123873,Health User 873,9909710365
PANCHAYAT,Kuttoor,Pathanamthitta,health_user874,Health@123874,Health User 874,9601937476
PANCHAYAT,Malayalapuzha,Pathanamthitta,health_user875,Health@123875,Health User 875,9276326949
PANCHAYAT,Mallappally,Pathanamthitta,health_user876,Health@123876,Health User 876,9460796684
PANCHAYAT,Mallapuzhassery,Pathanamthitta,health_user877,Health@123877,Health User 877,9812917338
PANCHAYAT,Mezhuveli,Pathanamthitta,health_user878,Health@123878,Health User 878,9253257972
PANCHAYAT,Mylapra,Pathanamthitta,health_user879,Health@123879,Health User 879,9776292514
PANCHAYAT,Naranamoozhy,Pathanamthitta,health_user880,Health@123880,Health User 880,9894447794
PANCHAYAT,Naranganam,Pathanamthitta,health_user881,Health@123881,Health User 881,9317662639
PANCHAYAT,Nedumpuram,Pathanamthitta,health_user882,Health@123882,Health User 882,9178673620
PANCHAYAT,Niranam,Pathanamthitta,health_user883,Health@123883,Health User 883,9633673948
PANCHAYAT,Omallur,Pathanamthitta,health_user884,Health@123884,Health User 884,9146316920
PANCHAYAT,Pallickal,Pathanamthitta,health_user885,Health@123885,Health User 885,9726524672
PANCHAYAT,Pandalam Thekkekara,Pathanamthitta,health_user886,Health@123886,Health User 886,9140222732
PANCHAYAT,Peringara,Pathanamthitta,health_user887,Health@123887,Health User 887,9495698095
PANCHAYAT,Pramadom,Pathanamthitta,health_user888,Health@123888,Health User 888,9444389147
PANCHAYAT,Puramattom,Pathanamthitta,health_user889,Health@123889,Health User 889,9370632279
PANCHAYAT,Ranni,Pathanamthitta,health_user890,Health@123890,Health User 890,9702573390
PANCHAYAT,Ranni Angadi,Pathanamthitta,health_user891,Health@123891,Health User 891,9904084137
PANCHAYAT,Ranni Pazhavangadi,Pathanamthitta,health_user892,Health@123892,Health User 892,9631242349
PANCHAYAT,Ranni Perunad,Pathanamthitta,health_user893,Health@123893,Health User 893,9295824957
PANCHAYAT,Seethathodu,Pathanamthitta,health_user894,Health@123894,Health User 894,9497432926
PANCHAYAT,Thannithodu,Pathanamthitta,health_user895,Health@123895,Health User 895,9273812148
PANCHAYAT,Thottapuzhassery,Pathanamthitta,health_user896,Health@123896,Health User 896,9962681151
PANCHAYAT,Thumpamon,Pathanamthitta,health_user897,Health@123897,Health User 897,9346602365
PANCHAYAT,Vadasserikkara,Pathanamthitta,health_user898,Health@123898,Health User 898,9532424205
PANCHAYAT,Vallicode,Pathanamthitta,health_user899,Health@123899,Health User 899,9717188072
PANCHAYAT,Vechuchira,Pathanamthitta,health_user900,Health@123900,Health User 900,9423228914
PANCHAYAT,Localbody Name (In English),Thiruvananthapuram,health_user901,Health@123901,Health User 901,9391055045
PANCHAYAT,Thiruvananthapuram,Thiruvananthapuram,health_user902,Health@123902,Health User 902,9507572439
PANCHAYAT,Athiyannoor,Thiruvananthapuram,health_user903,Health@123903,Health User 903,9440927125
PANCHAYAT,Chirayinkeezhu,Thiruvananthapuram,health_user904,Health@123904,Health User 904,9299773773
PANCHAYAT,Kilimanoor,Thiruvananthapuram,health_user905,Health@123905,Health User 905,9326155012
PANCHAYAT,Nedumangad,Thiruvananthapuram,health_user906,Health@123906,Health User 906,9774191328
PANCHAYAT,Nemom,Thiruvananthapuram,health_user907,Health@123907,Health User 907,9559103271
PANCHAYAT,Parassala,Thiruvananthapuram,health_user908,Health@123908,Health User 908,9531216495
PANCHAYAT,Perumkadavila,Thiruvananthapuram,health_user909,Health@123909,Health User 909,9151024511
PANCHAYAT,Pothencode,Thiruvananthapuram,health_user910,Health@123910,Health User 910,9308959021
PANCHAYAT,Vamanapuram,Thiruvananthapuram,health_user911,Health@123911,Health User 911,9705872534
PANCHAYAT,Varkala,Thiruvananthapuram,health_user912,Health@123912,Health User 912,9306016872
PANCHAYAT,Vellanad,Thiruvananthapuram,health_user913,Health@123913,Health User 913,9517724704
PANCHAYAT,Amboori,Thiruvananthapuram,health_user914,Health@123914,Health User 914,9204516467
PANCHAYAT,Anad,Thiruvananthapuram,health_user915,Health@123915,Health User 915,9716674998
PANCHAYAT,Andoorkonam,Thiruvananthapuram,health_user916,Health@123916,Health User 916,9271655531
PANCHAYAT,Anjuthengu,Thiruvananthapuram,health_user917,Health@123917,Health User 917,9263124912
PANCHAYAT,Aruvikkara,Thiruvananthapuram,health_user918,Health@123918,Health User 918,9180737521
PANCHAYAT,Aryanad,Thiruvananthapuram,health_user919,Health@123919,Health User 919,9641684652
PANCHAYAT,Aryancode,Thiruvananthapuram,health_user920,Health@123920,Health User 920,9717940815
PANCHAYAT,Athiyannoor,Thiruvananthapuram,health_user921,Health@123921,Health User 921,9845970241
PANCHAYAT,Azhoor,Thiruvananthapuram,health_user922,Health@123922,Health User 922,9899748050
PANCHAYAT,Balaramapuram,Thiruvananthapuram,health_user923,Health@123923,Health User 923,9163505370
PANCHAYAT,Chemmaruthy,Thiruvananthapuram,health_user924,Health@123924,Health User 924,9959042364
PANCHAYAT,Chenkal,Thiruvananthapuram,health_user925,Health@123925,Health User 925,9396216787
PANCHAYAT,Cherunniyoor,Thiruvananthapuram,health_user926,Health@123926,Health User 926,9459062099
PANCHAYAT,Chirayinkeezhu,Thiruvananthapuram,health_user927,Health@123927,Health User 927,9491405666
PANCHAYAT,Edava,Thiruvananthapuram,health_user928,Health@123928,Health User 928,9858466824
PANCHAYAT,Elakamon,Thiruvananthapuram,health_user929,Health@123929,Health User 929,9743192828
PANCHAYAT,Kadakkavoor,Thiruvananthapuram,health_user930,Health@123930,Health User 930,9428991549
PANCHAYAT,Kadinamkulam,Thiruvananthapuram,health_user931,Health@123931,Health User 931,9662324328
PANCHAYAT,Kallara,Thiruvananthapuram,health_user932,Health@123932,Health User 932,9998111304
PANCHAYAT,Kallikkadu,Thiruvananthapuram,health_user933,Health@123933,Health User 933,9515286345
PANCHAYAT,Kalliyoor,Thiruvananthapuram,health_user934,Health@123934,Health User 934,9436457596
PANCHAYAT,Kanjiramkulam,Thiruvananthapuram,health_user935,Health@123935,Health User 935,9949623180
PANCHAYAT,Karakulam,Thiruvananthapuram,health_user936,Health@123936,Health User 936,9628312095
PANCHAYAT,Karavaram,Thiruvananthapuram,health_user937,Health@123937,Health User 937,9455306802
PANCHAYAT,Karode,Thiruvananthapuram,health_user938,Health@123938,Health User 938,9202429901
PANCHAYAT,Karumkulam,Thiruvananthapuram,health_user939,Health@123939,Health User 939,9718370623
PANCHAYAT,Kattakkada,Thiruvananthapuram,health_user940,Health@123940,Health User 940,9735074712
PANCHAYAT,Kilimanoor,Thiruvananthapuram,health_user941,Health@123941,Health User 941,9437915502
PANCHAYAT,Kizhuvilam,Thiruvananthapuram,health_user942,Health@123942,Health User 942,9534271537
PANCHAYAT,Kollayil,Thiruvananthapuram,health_user943,Health@123943,Health User 943,9478076141
PANCHAYAT,Kottukal,Thiruvananthapuram,health_user944,Health@123944,Health User 944,9330123375
PANCHAYAT,Kulathoor,Thiruvananthapuram,health_user945,Health@123945,Health User 945,9451658739
PANCHAYAT,Kunnathukal,Thiruvananthapuram,health_user946,Health@123946,Health User 946,9437902497
PANCHAYAT,Kuttichal,Thiruvananthapuram,health_user947,Health@123947,Health User 947,9511315180
PANCHAYAT,Madavoor,Thiruvananthapuram,health_user948,Health@123948,Health User 948,9156380738
PANCHAYAT,Malayinkeezh,Thiruvananthapuram,health_user949,Health@123949,Health User 949,9244523978
PANCHAYAT,Manamboor,Thiruvananthapuram,health_user950,Health@123950,Health User 950,9718292493
PANCHAYAT,Mangalapuram,Thiruvananthapuram,health_user951,Health@123951,Health User 951,9615679533
PANCHAYAT,Manickal,Thiruvananthapuram,health_user952,Health@123952,Health User 952,9429414308
PANCHAYAT,Maranalloor,Thiruvananthapuram,health_user953,Health@123953,Health User 953,9622362987
PANCHAYAT,Mudakkal,Thiruvananthapuram,health_user954,Health@123954,Health User 954,9125897856
PANCHAYAT,Nagaroor,Thiruvananthapuram,health_user955,Health@123955,Health User 955,9579160061
PANCHAYAT,Nanniyode,Thiruvananthapuram,health_user956,Health@123956,Health User 956,9512303198
PANCHAYAT,Navaikulam,Thiruvananthapuram,health_user957,Health@123957,Health User 957,9605524221
PANCHAYAT,Nellanad,Thiruvananthapuram,health_user958,Health@123958,Health User 958,9854753006
PANCHAYAT,Ottasekharamangalam,Thiruvananthapuram,health_user959,Health@123959,Health User 959,9419065586
PANCHAYAT,Ottoor,Thiruvananthapuram,health_user960,Health@123960,Health User 960,9883445475
PANCHAYAT,Pallichal,Thiruvananthapuram,health_user961,Health@123961,Health User 961,9532772209
PANCHAYAT,Pallickal,Thiruvananthapuram,health_user962,Health@123962,Health User 962,9414661884
PANCHAYAT,Panavoor,Thiruvananthapuram,health_user963,Health@123963,Health User 963,9988248813
PANCHAYAT,Pangode,Thiruvananthapuram,health_user964,Health@123964,Health User 964,9651360593
PANCHAYAT,Parassala,Thiruvananthapuram,health_user965,Health@123965,Health User 965,9106092533
PANCHAYAT,Pazhayakunnummel,Thiruvananthapuram,health_user966,Health@123966,Health User 966,9600007644
PANCHAYAT,Peringamala,Thiruvananthapuram,health_user967,Health@123967,Health User 967,9421491842
PANCHAYAT,Perumkadavila,Thiruvananthapuram,health_user968,Health@123968,Health User 968,9969237737
PANCHAYAT,Poovachal,Thiruvananthapuram,health_user969,Health@123969,Health User 969,9785852021
PANCHAYAT,Poovar,Thiruvananthapuram,health_user970,Health@123970,Health User 970,9525402911
PANCHAYAT,Pothencode,Thiruvananthapuram,health_user971,Health@123971,Health User 971,9972977118
PANCHAYAT,Pulimath,Thiruvananthapuram,health_user972,Health@123972,Health User 972,9618604797
PANCHAYAT,Pullampara,Thiruvananthapuram,health_user973,Health@123973,Health User 973,9432494688
PANCHAYAT,Thirupuram,Thiruvananthapuram,health_user974,Health@123974,Health User 974,9603464090
PANCHAYAT,Tholicode,Thiruvananthapuram,health_user975,Health@123975,Health User 975,9575802997
PANCHAYAT,Uzhamalackal,Thiruvananthapuram,health_user976,Health@123976,Health User 976,9815551200
PANCHAYAT,Vakkom,Thiruvananthapuram,health_user977,Health@123977,Health User 977,9488814603
PANCHAYAT,Vamanapuram,Thiruvananthapuram,health_user978,Health@123978,Health User 978,9127956760
PANCHAYAT,Vellanad,Thiruvananthapuram,health_user979,Health@123979,Health User 979,9986037865
PANCHAYAT,Vellarada,Thiruvananthapuram,health_user980,Health@123980,Health User 980,9663676241
PANCHAYAT,Vembayam,Thiruvananthapuram,health_user981,Health@123981,Health User 981,9518801765
PANCHAYAT,Venganoor,Thiruvananthapuram,health_user982,Health@123982,Health User 982,9872729566
PANCHAYAT,Vettoor,Thiruvananthapuram,health_user983,Health@123983,Health User 983,9578732533
PANCHAYAT,Vilappil,Thiruvananthapuram,health_user984,Health@123984,Health User 984,9721152020
PANCHAYAT,Vilavoorkkal,Thiruvananthapuram,health_user985,Health@123985,Health User 985,9771772135
PANCHAYAT,Vithura,Thiruvananthapuram,health_user986,Health@123986,Health User 986,9569192752
PANCHAYAT,Localbody Name (In English),Thrissur,health_user987,Health@123987,Health User 987,9308881777
PANCHAYAT,Thrissur,Thrissur,health_user988,Health@123988,Health User 988,9313137857
PANCHAYAT,Anthikkad,Thrissur,health_user989,Health@123989,Health User 989,9592999871
PANCHAYAT,Chalakkudy,Thrissur,health_user990,Health@123990,Health User 990,9762778515
PANCHAYAT,Chavakkad,Thrissur,health_user991,Health@123991,Health User 991,9809519203
PANCHAYAT,Cherpu,Thrissur,health_user992,Health@123992,Health User 992,9364108036
PANCHAYAT,Chowannur,Thrissur,health_user993,Health@123993,Health User 993,9670862716
PANCHAYAT,Irinjalakkuda,Thrissur,health_user994,Health@123994,Health User 994,9302599141
PANCHAYAT,Kodakara,Thrissur,health_user995,Health@123995,Health User 995,9589185369
PANCHAYAT,Mala,Thrissur,health_user996,Health@123996,Health User 996,9455965446
PANCHAYAT,Mathilakam,Thrissur,health_user997,Health@123997,Health User 997,9815453639
PANCHAYAT,Mullassery,Thrissur,health_user998,Health@123998,Health User 998,9852892378
PANCHAYAT,Ollukkara,Thrissur,health_user999,Health@123999,Health User 999,9635447925
PANCHAYAT,Pazhayannur,Thrissur,health_user1000,Health@1231000,Health User 1000,9614581111
PANCHAYAT,Puzhakkal,Thrissur,health_user1001,Health@1231001,Health User 1001,9579109433
PANCHAYAT,Thalikkulam,Thrissur,health_user1002,Health@1231002,Health User 1002,9674093306
PANCHAYAT,Vellangallur,Thrissur,health_user1003,Health@1231003,Health User 1003,9662556433
PANCHAYAT,Wadakkanchery,Thrissur,health_user1004,Health@1231004,Health User 1004,9800832695
PANCHAYAT,Adat,Thrissur,health_user1005,Health@1231005,Health User 1005,9208941634
PANCHAYAT,Alagappa Nagar,Thrissur,health_user1006,Health@1231006,Health User 1006,9894063955
PANCHAYAT,Alur,Thrissur,health_user1007,Health@1231007,Health User 1007,9876789953
PANCHAYAT,Annamanada,Thrissur,health_user1008,Health@1231008,Health User 1008,9567057207
PANCHAYAT,Anthicad,Thrissur,health_user1009,Health@1231009,Health User 1009,9638100233
PANCHAYAT,Arimpoor,Thrissur,health_user1010,Health@1231010,Health User 1010,9910435953
PANCHAYAT,Athirappally,Thrissur,health_user1011,Health@1231011,Health User 1011,9893944669
PANCHAYAT,Avanur,Thrissur,health_user1012,Health@1231012,Health User 1012,9675460884
PANCHAYAT,Avinissery,Thrissur,health_user1013,Health@1231013,Health User 1013,9234797085
PANCHAYAT,Chazhoor,Thrissur,health_user1014,Health@1231014,Health User 1014,9591970079
PANCHAYAT,Chelakkara,Thrissur,health_user1015,Health@1231015,Health User 1015,9560512228
PANCHAYAT,Cherpu,Thrissur,health_user1016,Health@1231016,Health User 1016,9720561871
PANCHAYAT,Choondal,Thrissur,health_user1017,Health@1231017,Health User 1017,9602517894
PANCHAYAT,Chowwannur,Thrissur,health_user1018,Health@1231018,Health User 1018,9206593177
PANCHAYAT,Desamangalam,Thrissur,health_user1019,Health@1231019,Health User 1019,9794738360
PANCHAYAT,Edathiruthy,Thrissur,health_user1020,Health@1231020,Health User 1020,9524222900
PANCHAYAT,Edavilangu,Thrissur,health_user1021,Health@1231021,Health User 1021,9548494665
PANCHAYAT,Elavally,Thrissur,health_user1022,Health@1231022,Health User 1022,9729076568
PANCHAYAT,Engandiyur,Thrissur,health_user1023,Health@1231023,Health User 1023,9806800191
PANCHAYAT,Eriyad,Thrissur,health_user1024,Health@1231024,Health User 1024,9751503712
PANCHAYAT,Erumapetty,Thrissur,health_user1025,Health@1231025,Health User 1025,9129479404
PANCHAYAT,Kadangode,Thrissur,health_user1026,Health@1231026,Health User 1026,9583510415
PANCHAYAT,Kadappuram,Thrissur,health_user1027,Health@1231027,Health User 1027,9865821546
PANCHAYAT,Kadavallur,Thrissur,health_user1028,Health@1231028,Health User 1028,9577861864
PANCHAYAT,Kadukutty,Thrissur,health_user1029,Health@1231029,Health User 1029,9360985978
PANCHAYAT,Kaipamangalam,Thrissur,health_user1030,Health@1231030,Health User 1030,9638348367
PANCHAYAT,Kaiparamba,Thrissur,health_user1031,Health@1231031,Health User 1031,9954199087
PANCHAYAT,Kandanassery,Thrissur,health_user1032,Health@1231032,Health User 1032,9742152403
PANCHAYAT,Karalam,Thrissur,health_user1033,Health@1231033,Health User 1033,9919195304
PANCHAYAT,Kattakampal,Thrissur,health_user1034,Health@1231034,Health User 1034,9163288271
PANCHAYAT,Kattur,Thrissur,health_user1035,Health@1231035,Health User 1035,9552214834
PANCHAYAT,Kodakara,Thrissur,health_user1036,Health@1231036,Health User 1036,9940774901
PANCHAYAT,Kodassery,Thrissur,health_user1037,Health@1231037,Health User 1037,9940984327
PANCHAYAT,Kolazhy,Thrissur,health_user1038,Health@1231038,Health User 1038,9876021826
PANCHAYAT,Kondazhy,Thrissur,health_user1039,Health@1231039,Health User 1039,9590701966
PANCHAYAT,Koratty,Thrissur,health_user1040,Health@1231040,Health User 1040,9613090404
PANCHAYAT,Kuzhur,Thrissur,health_user1041,Health@1231041,Health User 1041,9270600392
PANCHAYAT,Madakkathara,Thrissur,health_user1042,Health@1231042,Health User 1042,9796132491
PANCHAYAT,Mala,Thrissur,health_user1043,Health@1231043,Health User 1043,9922211618
PANCHAYAT,Manallur,Thrissur,health_user1044,Health@1231044,Health User 1044,9759839894
PANCHAYAT,Mathilakam,Thrissur,health_user1045,Health@1231045,Health User 1045,9705282114
PANCHAYAT,Mattathur,Thrissur,health_user1046,Health@1231046,Health User 1046,9918647211
PANCHAYAT,Melur,Thrissur,health_user1047,Health@1231047,Health User 1047,9849400893
PANCHAYAT,Mulakunnathukavu,Thrissur,health_user1048,Health@1231048,Health User 1048,9101332993
PANCHAYAT,Mullassery,Thrissur,health_user1049,Health@1231049,Health User 1049,9148572082
PANCHAYAT,Mullurkara,Thrissur,health_user1050,Health@1231050,Health User 1050,9970172873
PANCHAYAT,Muriyad,Thrissur,health_user1051,Health@1231051,Health User 1051,9498925684
PANCHAYAT,Nadathara,Thrissur,health_user1052,Health@1231052,Health User 1052,9987159154
PANCHAYAT,Nattika,Thrissur,health_user1053,Health@1231053,Health User 1053,9887967815
PANCHAYAT,Nenmenikkara,Thrissur,health_user1054,Health@1231054,Health User 1054,9565491505
PANCHAYAT,Orumanayur,Thrissur,health_user1055,Health@1231055,Health User 1055,9565428159
PANCHAYAT,Padiyur,Thrissur,health_user1056,Health@1231056,Health User 1056,9742741929
PANCHAYAT,Pananchery,Thrissur,health_user1057,Health@1231057,Health User 1057,9232964841
PANCHAYAT,Panjal,Thrissur,health_user1058,Health@1231058,Health User 1058,9184766161
PANCHAYAT,Paralam,Thrissur,health_user1059,Health@1231059,Health User 1059,9611819687
PANCHAYAT,Parappukkara,Thrissur,health_user1060,Health@1231060,Health User 1060,9342214388
PANCHAYAT,Pariyaram,Thrissur,health_user1061,Health@1231061,Health User 1061,9792935165
PANCHAYAT,Pavaratty,Thrissur,health_user1062,Health@1231062,Health User 1062,9850139794
PANCHAYAT,Pazhayannur,Thrissur,health_user1063,Health@1231063,Health User 1063,9911686922
PANCHAYAT,Perinjanam,Thrissur,health_user1064,Health@1231064,Health User 1064,9675871949
PANCHAYAT,Poomangalam,Thrissur,health_user1065,Health@1231065,Health User 1065,9434131467
PANCHAYAT,Porkulam,Thrissur,health_user1066,Health@1231066,Health User 1066,9674128290
PANCHAYAT,Poyya,Thrissur,health_user1067,Health@1231067,Health User 1067,9338148436
PANCHAYAT,Pudukkad,Thrissur,health_user1068,Health@1231068,Health User 1068,9300842308
PANCHAYAT,Punnayur,Thrissur,health_user1069,Health@1231069,Health User 1069,9696885532
PANCHAYAT,Punnyurkulum,Thrissur,health_user1070,Health@1231070,Health User 1070,9204572653
PANCHAYAT,Puthenchira,Thrissur,health_user1071,Health@1231071,Health User 1071,9666976008
PANCHAYAT,Puthur,Thrissur,health_user1072,Health@1231072,Health User 1072,9667561608
PANCHAYAT,Sree Narayanapuram,Thrissur,health_user1073,Health@1231073,Health User 1073,9368647554
PANCHAYAT,Thalikulam,Thrissur,health_user1074,Health@1231074,Health User 1074,9599877827
PANCHAYAT,Thanniyam,Thrissur,health_user1075,Health@1231075,Health User 1075,9925755894
PANCHAYAT,Thekkumkara,Thrissur,health_user1076,Health@1231076,Health User 1076,9424392266
PANCHAYAT,Thiruvilwamala,Thrissur,health_user1077,Health@1231077,Health User 1077,9852937772
PANCHAYAT,Tholur,Thrissur,health_user1078,Health@1231078,Health User 1078,9123921482
PANCHAYAT,Trikkur,Thrissur,health_user1079,Health@1231079,Health User 1079,9342534372
PANCHAYAT,Vadanappilly,Thrissur,health_user1080,Health@1231080,Health User 1080,9403045183
PANCHAYAT,Vadekkekad,Thrissur,health_user1081,Health@1231081,Health User 1081,9406676256
PANCHAYAT,Valappad,Thrissur,health_user1082,Health@1231082,Health User 1082,9654386725
PANCHAYAT,Vallachira,Thrissur,health_user1083,Health@1231083,Health User 1083,9335069600
PANCHAYAT,Vallathol Nagar,Thrissur,health_user1084,Health@1231084,Health User 1084,9306115009
PANCHAYAT,Varandarappilly,Thrissur,health_user1085,Health@1231085,Health User 1085,9652181835
PANCHAYAT,Varavoor,Thrissur,health_user1086,Health@1231086,Health User 1086,9325108171
PANCHAYAT,Vellangallur,Thrissur,health_user1087,Health@1231087,Health User 1087,9128113588
PANCHAYAT,Vellookkara,Thrissur,health_user1088,Health@1231088,Health User 1088,9212711266
PANCHAYAT,Velur,Thrissur,health_user1089,Health@1231089,Health User 1089,9244128502
PANCHAYAT,Venkitangu,Thrissur,health_user1090,Health@1231090,Health User 1090,9832661627
PANCHAYAT,Localbody Name (In English),Wayanad,health_user1091,Health@1231091,Health User 1091,9640679308
PANCHAYAT,Wayanad,Wayanad,health_user1092,Health@1231092,Health User 1092,9626138623
PANCHAYAT,Kalpetta,Wayanad,health_user1093,Health@1231093,Health User 1093,9570800191
PANCHAYAT,Mananthavady,Wayanad,health_user1094,Health@1231094,Health User 1094,9554676406
PANCHAYAT,Panamaram,Wayanad,health_user1095,Health@1231095,Health User 1095,9730952365
PANCHAYAT,Sulthan Bathery,Wayanad,health_user1096,Health@1231096,Health User 1096,9102879097
PANCHAYAT,Ambalavayal,Wayanad,health_user1097,Health@1231097,Health User 1097,9763414474
PANCHAYAT,Edavaka,Wayanad,health_user1098,Health@1231098,Health User 1098,9773006108
PANCHAYAT,Kaniambetta,Wayanad,health_user1099,Health@1231099,Health User 1099,9638559717
PANCHAYAT,Kottathara,Wayanad,health_user1100,Health@1231100,Health User 1100,9367432089
PANCHAYAT,Meenangadi,Wayanad,health_user1101,Health@1231101,Health User 1101,9946936288
PANCHAYAT,Meppadi,Wayanad,health_user1102,Health@1231102,Health User 1102,9513316855
PANCHAYAT,Mullankolly,Wayanad,health_user1103,Health@1231103,Health User 1103,9498099883
PANCHAYAT,Muppainadu,Wayanad,health_user1104,Health@1231104,Health User 1104,9262719339
PANCHAYAT,Muttil,Wayanad,health_user1105,Health@1231105,Health User 1105,9182411130
PANCHAYAT,Nenmeni,Wayanad,health_user1106,Health@1231106,Health User 1106,9861917827
PANCHAYAT,Noolpuzha,Wayanad,health_user1107,Health@1231107,Health User 1107,9614296088
PANCHAYAT,Padinharethara,Wayanad,health_user1108,Health@1231108,Health User 1108,9456193813
PANCHAYAT,Panamaram,Wayanad,health_user1109,Health@1231109,Health User 1109,9698815216
PANCHAYAT,Poothadi,Wayanad,health_user1110,Health@1231110,Health User 1110,9329929783
PANCHAYAT,Pozhuthana,Wayanad,health_user1111,Health@1231111,Health User 1111,9350836425
PANCHAYAT,Pulpalli,Wayanad,health_user1112,Health@1231112,Health User 1112,9921360827
PANCHAYAT,Thariyode,Wayanad,health_user1113,Health@1231113,Health User 1113,9181843878
PANCHAYAT,Thavinhal,Wayanad,health_user1114,Health@1231114,Health User 1114,9462994519
PANCHAYAT,Thirunelly,Wayanad,health_user1115,Health@1231115,Health User 1115,9519320143
PANCHAYAT,Thondernad,Wayanad,health_user1116,Health@1231116,Health User 1116,9189277965
PANCHAYAT,Vellamunda,Wayanad,health_user1117,Health@1231117,Health User 1117,9147965713
PANCHAYAT,Vengappally,Wayanad,health_user1118,Health@1231118,Health User 1118,9498199236
PANCHAYAT,Vythiri,Wayanad,health_user1119,Health@1231119,Health User 1119,9250203845
MUNICIPALITY,Alappuzha,Alappuzha,health_user1120,Health@1231120,Health User 1120,9373658196
MUNICIPALITY,Chengannur,Alappuzha,health_user1121,Health@1231121,Health User 1121,9718062328
MUNICIPALITY,Cherthala,Alappuzha,health_user1122,Health@1231122,Health User 1122,9811792962
MUNICIPALITY,Harippad,Alappuzha,health_user1123,Health@1231123,Health User 1123,9405945440
MUNICIPALITY,Kayamkulam,Alappuzha,health_user1124,Health@1231124,Health User 1124,9650873150
MUNICIPALITY,Mavelikkara,Alappuzha,health_user1125,Health@1231125,Health User 1125,9715799757
MUNICIPAL CORPORATION,Kochi,Eranakulam,health_user1126,Health@1231126,Health User 1126,9245737682
MUNICIPALITY,Aluva,Eranakulam,health_user1127,Health@1231127,Health User 1127,9777741003
MUNICIPALITY,Angamaly,Eranakulam,health_user1128,Health@1231128,Health User 1128,9101190732
MUNICIPALITY,Eloor,Eranakulam,health_user1129,Health@1231129,Health User 1129,9993073870
MUNICIPALITY,Kalamassery,Eranakulam,health_user1130,Health@1231130,Health User 1130,9840819409
MUNICIPALITY,Koothattukulam,Eranakulam,health_user1131,Health@1231131,Health User 1131,9190342010
MUNICIPALITY,Kothamangalam,Eranakulam,health_user1132,Health@1231132,Health User 1132,9224206404
MUNICIPALITY,Maradu,Eranakulam,health_user1133,Health@1231133,Health User 1133,9660869339
MUNICIPALITY,Muvattupuzha,Eranakulam,health_user1134,Health@1231134,Health User 1134,9226197579
MUNICIPALITY,Paravur,Eranakulam,health_user1135,Health@1231135,Health User 1135,9469019566
MUNICIPALITY,Perumbavoor,Eranakulam,health_user1136,Health@1231136,Health User 1136,9873229491
MUNICIPALITY,Piravom,Eranakulam,health_user1137,Health@1231137,Health User 1137,9873467457
MUNICIPALITY,Thrikkakara,Eranakulam,health_user1138,Health@1231138,Health User 1138,9564007170
MUNICIPALITY,Thrippunithura,Eranakulam,health_user1139,Health@1231139,Health User 1139,9925965058
MUNICIPALITY,Kattappana,Idukki,health_user1140,Health@1231140,Health User 1140,9841743461
MUNICIPALITY,Thodupuzha,Idukki,health_user1141,Health@1231141,Health User 1141,9713158959
MUNICIPAL CORPORATION,Kannur,Kannur,health_user1142,Health@1231142,Health User 1142,9355136801
MUNICIPALITY,Anthur,Kannur,health_user1143,Health@1231143,Health User 1143,9526384854
MUNICIPALITY,Iritty,Kannur,health_user1144,Health@1231144,Health User 1144,9962870360
MUNICIPALITY,Koothuparamba,Kannur,health_user1145,Health@1231145,Health User 1145,9128077890
MUNICIPALITY,Mattannur,Kannur,health_user1146,Health@1231146,Health User 1146,9602077494
MUNICIPALITY,Panoor,Kannur,health_user1147,Health@1231147,Health User 1147,9915702224
MUNICIPALITY,Payyannur,Kannur,health_user1148,Health@1231148,Health User 1148,9954221107
MUNICIPALITY,Sreekandapuram,Kannur,health_user1149,Health@1231149,Health User 1149,9645404696
MUNICIPALITY,Taliparamba,Kannur,health_user1150,Health@1231150,Health User 1150,9519183332
MUNICIPALITY,Thalassery,Kannur,health_user1151,Health@1231151,Health User 1151,9790246218
MUNICIPALITY,Kanhangad,Kasaragod,health_user1152,Health@1231152,Health User 1152,9923022117
MUNICIPALITY,Kasaragod,Kasaragod,health_user1153,Health@1231153,Health User 1153,9585987708
MUNICIPALITY,Nileshwar,Kasaragod,health_user1154,Health@1231154,Health User 1154,9805658006
MUNICIPAL CORPORATION,Kollam,Kollam,health_user1155,Health@1231155,Health User 1155,9692286375
MUNICIPALITY,Karunagappally,Kollam,health_user1156,Health@1231156,Health User 1156,9633362689
MUNICIPALITY,Kottarakkara,Kollam,health_user1157,Health@1231157,Health User 1157,9966760135
MUNICIPALITY,Paravoor,Kollam,health_user1158,Health@1231158,Health User 1158,9205619029
MUNICIPALITY,Punalur,Kollam,health_user1159,Health@1231159,Health User 1159,9930105171
MUNICIPALITY,Changanassery,Kottayam,health_user1160,Health@1231160,Health User 1160,9903614340
MUNICIPALITY,Erattupetta,Kottayam,health_user1161,Health@1231161,Health User 1161,9890935065
MUNICIPALITY,Ettumanoor,Kottayam,health_user1162,Health@1231162,Health User 1162,9167621113
MUNICIPALITY,Kottayam,Kottayam,health_user1163,Health@1231163,Health User 1163,9844665763
MUNICIPALITY,Palai,Kottayam,health_user1164,Health@1231164,Health User 1164,9562210287
MUNICIPALITY,Vaikom,Kottayam,health_user1165,Health@1231165,Health User 1165,9324069514
MUNICIPAL CORPORATION,Kozhikode,Kozhikode,health_user1166,Health@1231166,Health User 1166,9405993664
MUNICIPALITY,Feroke,Kozhikode,health_user1167,Health@1231167,Health User 1167,9968898081
MUNICIPALITY,Koduvally,Kozhikode,health_user1168,Health@1231168,Health User 1168,9543875193
MUNICIPALITY,Koyilandy,Kozhikode,health_user1169,Health@1231169,Health User 1169,9247112681
MUNICIPALITY,Mukkom,Kozhikode,health_user1170,Health@1231170,Health User 1170,9972153921
MUNICIPALITY,Payyoli,Kozhikode,health_user1171,Health@1231171,Health User 1171,9197046430
MUNICIPALITY,Ramanattukara,Kozhikode,health_user1172,Health@1231172,Health User 1172,9911202094
MUNICIPALITY,Vatakara,Kozhikode,health_user1173,Health@1231173,Health User 1173,9217153138
MUNICIPALITY,Kondotty,Malappuram,health_user1174,Health@1231174,Health User 1174,9270162803
MUNICIPALITY,Kottakkal,Malappuram,health_user1175,Health@1231175,Health User 1175,9277268750
MUNICIPALITY,Malappuram,Malappuram,health_user1176,Health@1231176,Health User 1176,9230346122
MUNICIPALITY,Manjeri,Malappuram,health_user1177,Health@1231177,Health User 1177,9297559101
MUNICIPALITY,Nilambur,Malappuram,health_user1178,Health@1231178,Health User 1178,9270716247
MUNICIPALITY,Parappanangadi,Malappuram,health_user1179,Health@1231179,Health User 1179,9235356659
MUNICIPALITY,Perinthalmanna,Malappuram,health_user1180,Health@1231180,Health User 1180,9381931763
MUNICIPALITY,Ponnani,Malappuram,health_user1181,Health@1231181,Health User 1181,9263641146
MUNICIPALITY,Tanur,Malappuram,health_user1182,Health@1231182,Health User 1182,9294498327
MUNICIPALITY,Tirur,Malappuram,health_user1183,Health@1231183,Health User 1183,9449221285
MUNICIPALITY,Tirurangadi,Malappuram,health_user1184,Health@1231184,Health User 1184,9136742518
MUNICIPALITY,Valanchery,Malappuram,health_user1185,Health@1231185,Health User 1185,9506365697
MUNICIPALITY,Cherpulassery,Palakkad,health_user1186,Health@1231186,Health User 1186,9920670210
MUNICIPALITY,Chittur-Thathamangalam,Palakkad,health_user1187,Health@1231187,Health User 1187,9395867460
MUNICIPALITY,Mannarkad,Palakkad,health_user1188,Health@1231188,Health User 1188,9716741466
MUNICIPALITY,Ottappalam,Palakkad,health_user1189,Health@1231189,Health User 1189,9466276466
MUNICIPALITY,Palakkad,Palakkad,health_user1190,Health@1231190,Health User 1190,9378666489
MUNICIPALITY,Pattambi,Palakkad,health_user1191,Health@1231191,Health User 1191,9282606068
MUNICIPALITY,Shoranur,Palakkad,health_user1192,Health@1231192,Health User 1192,9339112524
MUNICIPALITY,Adoor,Pathanamthitta,health_user1193,Health@1231193,Health User 1193,9276465353
MUNICIPALITY,Pandalam,Pathanamthitta,health_user1194,Health@1231194,Health User 1194,9865661842
MUNICIPALITY,Pathanamthitta,Pathanamthitta,health_user1195,Health@1231195,Health User 1195,9964644469
MUNICIPALITY,Thiruvalla,Pathanamthitta,health_user1196,Health@1231196,Health User 1196,9581769667
MUNICIPAL CORPORATION,Thiruvananthapuram,Thiruvananthapuram,health_user1197,Health@1231197,Health User 1197,9699613925
MUNICIPALITY,Attingal,Thiruvananthapuram,health_user1198,Health@1231198,Health User 1198,9155707936
MUNICIPALITY,Nedumangad,Thiruvananthapuram,health_user1199,Health@1231199,Health User 1199,9674345365
MUNICIPALITY,Neyyattinkara,Thiruvananthapuram,health_user1200,Health@1231200,Health User 1200,9511387130
MUNICIPALITY,Varkala,Thiruvananthapuram,health_user1201,Health@1231201,Health User 1201,9623999913
MUNICIPAL CORPORATION,Thrissur,Thrissur,health_user1202,Health@1231202,Health User 1202,9577179016
MUNICIPALITY,Chalakudy,Thrissur,health_user1203,Health@1231203,Health User 1203,9377610804
MUNICIPALITY,Chavakkad,Thrissur,health_user1204,Health@1231204,Health User 1204,9531669979
MUNICIPALITY,Guruvayoor,Thrissur,health_user1205,Health@1231205,Health User 1205,9819210370
MUNICIPALITY,Irinjalakuda,Thrissur,health_user1206,Health@1231206,Health User 1206,9993257757
MUNICIPALITY,Kodungallur,Thrissur,health_user1207,Health@1231207,Health User 1207,9866441617
MUNICIPALITY,Kunnamkulam,Thrissur,health_user1208,Health@1231208,Health User 1208,9889670557
MUNICIPALITY,Wadakkanchery,Thrissur,health_user1209,Health@1231209,Health User 1209,9557569544
MUNICIPAL CORPORATION,Thrissur,Thrissur,health_user1210,Health@1231210,Health User 1210,9551056157
MUNICIPALITY,Kalpetta,Wayanad,health_user1211,Health@1231211,Health User 1211,9306607184
MUNICIPALITY,Mananthavady,Wayanad,health_user1212,Health@1231212,Health User 1212,9657121628
MUNICIPALITY,Sulthanbathery,Wayanad,health_user1213,Health@1231213,Health User 1213,9465814139
,,,district_bot,Health@123D,District Bot,9000000001
,,,localbody_bot,Health@123L,Local Body Bot,9000000002
